Date,Open,High,Low,Close,Adj_Close,Volume,ticker,price_source
2019-07-29,1508.8199462890625,1510.6400146484375,1503.1400146484375,1504.1500244140625,1504.1500244140625,45069500,^TA125.TA,yfinance
2019-07-30,1504.8299560546875,1505.7099609375,1494.239990234375,1500.1300048828125,1500.1300048828125,66465700,^TA125.TA,yfinance
2019-07-31,1505.1500244140625,1513.949951171875,1505.0799560546875,1513.530029296875,1513.530029296875,57574000,^TA125.TA,yfinance
2019-08-01,1508.3199462890625,1521.469970703125,1504.6800537109375,1518.4300537109375,1518.4300537109375,242860900,^TA125.TA,yfinance
2019-08-05,1504.3399658203125,1504.3399658203125,1485.0899658203125,1485.0899658203125,1485.0899658203125,51998800,^TA125.TA,yfinance
2019-08-06,1485.5899658203125,1497.300048828125,1481.4000244140625,1491.75,1491.75,70663600,^TA125.TA,yfinance
2019-08-07,1489.9100341796875,1501.8199462890625,1472.4000244140625,1479.280029296875,1479.280029296875,57391500,^TA125.TA,yfinance
2019-08-08,1501.550048828125,1507.6400146484375,1494.8399658203125,1507.6400146484375,1507.6400146484375,60059800,^TA125.TA,yfinance
2019-08-12,1509.93994140625,1513.989990234375,1495.969970703125,1499.9200439453125,1499.9200439453125,37805500,^TA125.TA,yfinance
2019-08-13,1492.1600341796875,1509.06005859375,1490.030029296875,1509.06005859375,1509.06005859375,40921300,^TA125.TA,yfinance
2019-08-14,1509.489990234375,1510.72998046875,1468.1500244140625,1471.1400146484375,1471.1400146484375,103166300,^TA125.TA,yfinance
2019-08-15,1470.7099609375,1476.739990234375,1445.050048828125,1457.6099853515625,1457.6099853515625,74732000,^TA125.TA,yfinance
2019-08-19,1469.5,1483.6199951171875,1465.1400146484375,1483.6199951171875,1483.6199951171875,52121200,^TA125.TA,yfinance
2019-08-20,1485.18994140625,1490.22998046875,1477.18994140625,1490.22998046875,1490.22998046875,34035400,^TA125.TA,yfinance
2019-08-21,1490.3499755859375,1502.699951171875,1490.3499755859375,1501.050048828125,1501.050048828125,35545200,^TA125.TA,yfinance
2019-08-22,1495.199951171875,1509.719970703125,1495.199951171875,1506.1199951171875,1506.1199951171875,45828100,^TA125.TA,yfinance
2019-08-23,1495.199951171875,1509.719970703125,1495.199951171875,1506.1199951171875,1506.1199951171875,0,^TA125.TA,yfinance
2019-08-26,1459.6099853515625,1475.8499755859375,1459.3699951171875,1471.4599609375,1471.4599609375,35536900,^TA125.TA,yfinance
2019-08-27,1475.800048828125,1477.489990234375,1464.31005859375,1469.6700439453125,1469.6700439453125,49937100,^TA125.TA,yfinance
2019-08-28,1465.969970703125,1467.280029296875,1452.8199462890625,1460.6600341796875,1460.6600341796875,54185200,^TA125.TA,yfinance
2019-08-29,1476.4000244140625,1480.5,1471.9300537109375,1480.5,1480.5,114737300,^TA125.TA,yfinance
2019-09-02,1480.3499755859375,1486.1300048828125,1476.050048828125,1478.81005859375,1478.81005859375,30580100,^TA125.TA,yfinance
2019-09-03,1478.0999755859375,1478.0999755859375,1467.050048828125,1468.530029296875,1468.530029296875,51968400,^TA125.TA,yfinance
2019-09-04,1475.7099609375,1483.0999755859375,1475.7099609375,1478.6600341796875,1478.6600341796875,58169400,^TA125.TA,yfinance
2019-09-05,1485.52001953125,1487.4000244140625,1478.0999755859375,1481.1700439453125,1481.1700439453125,127284300,^TA125.TA,yfinance
2019-09-09,1489.25,1492.260009765625,1483.969970703125,1492.0699462890625,1492.0699462890625,44329300,^TA125.TA,yfinance
2019-09-10,1493.050048828125,1499.2099609375,1490.489990234375,1497.6400146484375,1497.6400146484375,84376500,^TA125.TA,yfinance
2019-09-11,1501.1500244140625,1512.6199951171875,1501.02001953125,1512.6199951171875,1512.6199951171875,70254100,^TA125.TA,yfinance
2019-09-12,1519.6099853515625,1521.5999755859375,1515.739990234375,1520.510009765625,1520.510009765625,71688600,^TA125.TA,yfinance
2019-09-16,1513.02001953125,1516.06005859375,1506.5899658203125,1516.06005859375,1516.06005859375,40491200,^TA125.TA,yfinance
2019-09-18,1513.9000244140625,1530.56005859375,1513.550048828125,1522.93994140625,1522.93994140625,48724700,^TA125.TA,yfinance
2019-09-19,1523.3800048828125,1530.68994140625,1521.3199462890625,1528.0699462890625,1528.0699462890625,72715800,^TA125.TA,yfinance
2019-09-23,1523.31005859375,1528.4200439453125,1517.8900146484375,1519.3299560546875,1519.3299560546875,44365100,^TA125.TA,yfinance
2019-09-24,1521.239990234375,1525.4599609375,1520.3800048828125,1524.3199462890625,1524.3199462890625,42645100,^TA125.TA,yfinance
2019-09-25,1520.6600341796875,1522.97998046875,1515.6800537109375,1520.489990234375,1520.489990234375,34587600,^TA125.TA,yfinance
2019-09-26,1535.18994140625,1535.989990234375,1529.989990234375,1532.56005859375,1532.56005859375,88044000,^TA125.TA,yfinance
2019-10-02,1528.530029296875,1529.3499755859375,1516.4599609375,1520.780029296875,1520.780029296875,54865600,^TA125.TA,yfinance
2019-10-03,1522.1700439453125,1522.1700439453125,1508.7099609375,1508.7099609375,1508.7099609375,109228800,^TA125.TA,yfinance
2019-10-07,1528.0699462890625,1532.6099853515625,1524.949951171875,1532.6099853515625,1532.6099853515625,40163200,^TA125.TA,yfinance
2019-10-10,1528.5,1535.1800537109375,1524.8399658203125,1535.1800537109375,1535.1800537109375,39595900,^TA125.TA,yfinance
2019-10-15,1547.6400146484375,1552.5400390625,1547.5799560546875,1552.5400390625,1552.5400390625,29902800,^TA125.TA,yfinance
2019-10-16,1557.31005859375,1569.27001953125,1555.5400390625,1569.27001953125,1569.27001953125,26048100,^TA125.TA,yfinance
2019-10-17,1563.0799560546875,1572.22998046875,1561.7099609375,1570.7099609375,1570.7099609375,35784200,^TA125.TA,yfinance
2019-10-22,1581.6199951171875,1582.5799560546875,1575.4000244140625,1576.969970703125,1576.969970703125,56683300,^TA125.TA,yfinance
2019-10-23,1573.0899658203125,1580.4100341796875,1569.1300048828125,1570.3299560546875,1570.3299560546875,70342600,^TA125.TA,yfinance
2019-10-24,1580.3900146484375,1582.719970703125,1569.8599853515625,1573.1400146484375,1573.1400146484375,76684900,^TA125.TA,yfinance
2019-10-28,1581.3699951171875,1588.8599853515625,1580.949951171875,1586.68994140625,1586.68994140625,46965400,^TA125.TA,yfinance
2019-10-29,1585.4200439453125,1587.949951171875,1578.1600341796875,1584.3800048828125,1584.3800048828125,44155600,^TA125.TA,yfinance
2019-10-30,1582.1800537109375,1586.2099609375,1575.6500244140625,1577.22998046875,1577.22998046875,35592600,^TA125.TA,yfinance
2019-10-31,1577.239990234375,1584.81005859375,1571.77001953125,1577.969970703125,1577.969970703125,83413300,^TA125.TA,yfinance
2019-11-04,1591.300048828125,1597.18994140625,1589.469970703125,1590.3599853515625,1590.3599853515625,47280300,^TA125.TA,yfinance
2019-11-05,1592.7099609375,1594.4000244140625,1585.68994140625,1590.9100341796875,1590.9100341796875,51129300,^TA125.TA,yfinance
2019-11-06,1589.1500244140625,1590.550048828125,1583.550048828125,1583.6600341796875,1583.6600341796875,54024200,^TA125.TA,yfinance
2019-11-07,1587.6300048828125,1587.6300048828125,1580.8699951171875,1585.280029296875,1585.280029296875,150078700,^TA125.TA,yfinance
2019-11-11,1578.4300537109375,1580.1199951171875,1569.22998046875,1571.1600341796875,1571.1600341796875,68489600,^TA125.TA,yfinance
2019-11-12,1567.56005859375,1569.9000244140625,1560.3499755859375,1569.1300048828125,1569.1300048828125,47120300,^TA125.TA,yfinance
2019-11-13,1570.7900390625,1572.510009765625,1563.8599853515625,1570.93994140625,1570.93994140625,65786600,^TA125.TA,yfinance
2019-11-14,1579.469970703125,1580.56005859375,1575.6700439453125,1578.97998046875,1578.97998046875,57642700,^TA125.TA,yfinance
2019-11-18,1593.8499755859375,1595.8299560546875,1585.5899658203125,1588.9200439453125,1588.9200439453125,61534500,^TA125.TA,yfinance
2019-11-19,1592.6600341796875,1600.77001953125,1590.6500244140625,1597.0799560546875,1597.0799560546875,50718300,^TA125.TA,yfinance
2019-11-20,1589.47998046875,1593.3199462890625,1586.550048828125,1592.9300537109375,1592.9300537109375,41954800,^TA125.TA,yfinance
2019-11-21,1593.0899658203125,1593.739990234375,1586.2099609375,1587.6700439453125,1587.6700439453125,42172700,^TA125.TA,yfinance
2019-11-25,1595.1700439453125,1611.2099609375,1595.1700439453125,1611.2099609375,1611.2099609375,62366900,^TA125.TA,yfinance
2019-11-26,1613.5799560546875,1617.8499755859375,1612.5899658203125,1616.9300537109375,1616.9300537109375,89252800,^TA125.TA,yfinance
2019-11-27,1615.77001953125,1621.97998046875,1614.510009765625,1617.6800537109375,1617.6800537109375,49860000,^TA125.TA,yfinance
2019-11-28,1618.550048828125,1625.5,1615.43994140625,1625.5,1625.5,108610800,^TA125.TA,yfinance
2019-12-02,1620.93994140625,1621.9000244140625,1604.02001953125,1607.06005859375,1607.06005859375,48681000,^TA125.TA,yfinance
2019-12-03,1608.8299560546875,1609.4200439453125,1585.3499755859375,1589.5999755859375,1589.5999755859375,58196800,^TA125.TA,yfinance
2019-12-04,1591.4599609375,1602.3199462890625,1589.6800537109375,1600.699951171875,1600.699951171875,58741400,^TA125.TA,yfinance
2019-12-05,1612.0899658203125,1612.0899658203125,1597.3499755859375,1598.5799560546875,1598.5799560546875,118860200,^TA125.TA,yfinance
2019-12-09,1612.2900390625,1615.22998046875,1608.449951171875,1615.22998046875,1615.22998046875,43512200,^TA125.TA,yfinance
2019-12-10,1614.1400146484375,1616.1500244140625,1604.9100341796875,1616.1500244140625,1616.1500244140625,52417200,^TA125.TA,yfinance
2019-12-11,1614.7900390625,1619.1199951171875,1612.18994140625,1619.1199951171875,1619.1199951171875,63293900,^TA125.TA,yfinance
2019-12-12,1616.760009765625,1620.6700439453125,1610.3800048828125,1620.6700439453125,1620.6700439453125,80455700,^TA125.TA,yfinance
2019-12-16,1619.949951171875,1621.550048828125,1615.449951171875,1621.550048828125,1621.550048828125,77599900,^TA125.TA,yfinance
2019-12-17,1620.550048828125,1621.25,1614.1600341796875,1616.3399658203125,1616.3399658203125,60802800,^TA125.TA,yfinance
2019-12-18,1616.1199951171875,1618.4100341796875,1613.4000244140625,1616.0400390625,1616.0400390625,66250200,^TA125.TA,yfinance
2019-12-19,1613.5699462890625,1616.780029296875,1605.1500244140625,1606.97998046875,1606.97998046875,77820200,^TA125.TA,yfinance
2019-12-23,1613.02001953125,1613.97998046875,1602.3900146484375,1608.719970703125,1608.719970703125,74837900,^TA125.TA,yfinance
2019-12-24,1612.8900146484375,1618.050048828125,1610.800048828125,1617.5,1617.5,48818400,^TA125.TA,yfinance
2019-12-25,1618.3699951171875,1624.93994140625,1617.469970703125,1617.469970703125,1617.469970703125,61400600,^TA125.TA,yfinance
2019-12-26,1616.6600341796875,1618.0899658203125,1611.6400146484375,1614.300048828125,1614.300048828125,174432900,^TA125.TA,yfinance
2019-12-30,1611.260009765625,1614.9100341796875,1605.1700439453125,1605.3599853515625,1605.3599853515625,113570200,^TA125.TA,yfinance
2019-12-31,1606.300048828125,1616.699951171875,1606.300048828125,1616.699951171875,1616.699951171875,107873900,^TA125.TA,yfinance
2020-01-01,1619.72998046875,1624.280029296875,1619.6500244140625,1623.7099609375,1623.7099609375,49772600,^TA125.TA,yfinance
2020-01-02,1624.050048828125,1635.9000244140625,1624.050048828125,1631.6700439453125,1631.6700439453125,145565900,^TA125.TA,yfinance
2020-01-06,1622.8199462890625,1623.219970703125,1605.9599609375,1617.1500244140625,1617.1500244140625,62182300,^TA125.TA,yfinance
2020-01-07,1620.93994140625,1622.010009765625,1612.56005859375,1616.489990234375,1616.489990234375,66628600,^TA125.TA,yfinance
2020-01-08,1614.969970703125,1622.3900146484375,1610.9100341796875,1621.6600341796875,1621.6600341796875,106231700,^TA125.TA,yfinance
2020-01-09,1623.3900146484375,1628.239990234375,1620.800048828125,1623.6600341796875,1623.6600341796875,90358900,^TA125.TA,yfinance
2020-01-13,1623.4300537109375,1625.8900146484375,1618.4100341796875,1623.739990234375,1623.739990234375,82149300,^TA125.TA,yfinance
2020-01-14,1628.449951171875,1630.719970703125,1623.5699462890625,1630.719970703125,1630.719970703125,75172300,^TA125.TA,yfinance
2020-01-15,1638.3399658203125,1645.800048828125,1637.0699462890625,1645.800048828125,1645.800048828125,76401500,^TA125.TA,yfinance
2020-01-16,1648.8900146484375,1657.8699951171875,1648.3399658203125,1657.8699951171875,1657.8699951171875,47813100,^TA125.TA,yfinance
2020-01-20,1665.2900390625,1666.4000244140625,1659.219970703125,1662.0699462890625,1662.0699462890625,56976300,^TA125.TA,yfinance
2020-01-21,1659.4599609375,1665.3499755859375,1648.27001953125,1663.969970703125,1663.969970703125,57510900,^TA125.TA,yfinance
2020-01-22,1670.52001953125,1683.9100341796875,1670.52001953125,1682.43994140625,1682.43994140625,54200700,^TA125.TA,yfinance
2020-01-23,1680.5,1684.780029296875,1675.6400146484375,1679.56005859375,1679.56005859375,79141500,^TA125.TA,yfinance
2020-01-27,1652.6099853515625,1652.6099853515625,1629.3299560546875,1635.4100341796875,1635.4100341796875,93217900,^TA125.TA,yfinance
2020-01-28,1643.18994140625,1647.7900390625,1630.280029296875,1637.3199462890625,1637.3199462890625,89135900,^TA125.TA,yfinance
2020-01-29,1640.530029296875,1651.6300048828125,1638.969970703125,1643.280029296875,1643.280029296875,72423100,^TA125.TA,yfinance
2020-01-30,1633.699951171875,1636.739990234375,1626.9000244140625,1635.449951171875,1635.449951171875,136243800,^TA125.TA,yfinance
2020-02-03,1591.1600341796875,1605.969970703125,1578.949951171875,1602.719970703125,1602.719970703125,105047000,^TA125.TA,yfinance
2020-02-04,1614.3199462890625,1630.1800537109375,1614.3199462890625,1630.1800537109375,1630.1800537109375,117058000,^TA125.TA,yfinance
2020-02-05,1633.449951171875,1657.1800537109375,1630.800048828125,1657.02001953125,1657.02001953125,91732500,^TA125.TA,yfinance
2020-02-06,1673.9599609375,1673.9599609375,1662.6500244140625,1665.0699462890625,1665.0699462890625,270390300,^TA125.TA,yfinance
2020-02-10,1640.8499755859375,1644.5799560546875,1631.760009765625,1644.0899658203125,1644.0899658203125,78247800,^TA125.TA,yfinance
2020-02-11,1653.800048828125,1665.3199462890625,1650.1700439453125,1664.5400390625,1664.5400390625,92860700,^TA125.TA,yfinance
2020-02-12,1664.43994140625,1684.1199951171875,1664.43994140625,1684.1199951171875,1684.1199951171875,88317200,^TA125.TA,yfinance
2020-02-13,1678.0,1679.0999755859375,1657.280029296875,1664.52001953125,1664.52001953125,63566700,^TA125.TA,yfinance
2020-02-17,1674.02001953125,1678.6199951171875,1665.0,1668.739990234375,1668.739990234375,49567200,^TA125.TA,yfinance
2020-02-18,1651.989990234375,1656.719970703125,1648.030029296875,1656.199951171875,1656.199951171875,46555100,^TA125.TA,yfinance
2020-02-19,1663.719970703125,1677.199951171875,1662.0999755859375,1676.7099609375,1676.7099609375,49596900,^TA125.TA,yfinance
2020-02-20,1678.1300048828125,1681.5699462890625,1664.2900390625,1666.9599609375,1666.9599609375,75837700,^TA125.TA,yfinance
2020-02-24,1599.4100341796875,1603.9599609375,1572.72998046875,1597.06005859375,1597.06005859375,106183600,^TA125.TA,yfinance
2020-02-25,1611.1600341796875,1620.22998046875,1589.72998046875,1609.530029296875,1609.530029296875,51790300,^TA125.TA,yfinance
2020-02-26,1591.280029296875,1621.5,1573.31005859375,1609.0899658203125,1609.0899658203125,95390200,^TA125.TA,yfinance
2020-02-27,1590.719970703125,1591.0,1542.550048828125,1542.550048828125,1542.550048828125,139531600,^TA125.TA,yfinance
2020-03-03,1561.3399658203125,1567.989990234375,1537.969970703125,1541.8299560546875,1541.8299560546875,91109500,^TA125.TA,yfinance
2020-03-04,1534.989990234375,1536.0699462890625,1499.489990234375,1508.8399658203125,1508.8399658203125,96327200,^TA125.TA,yfinance
2020-03-05,1509.949951171875,1512.260009765625,1466.800048828125,1479.9300537109375,1479.9300537109375,177154500,^TA125.TA,yfinance
2020-03-09,1318.969970703125,1351.4599609375,1285.6800537109375,1318.719970703125,1318.719970703125,208432600,^TA125.TA,yfinance
2020-03-11,1309.3499755859375,1351.3800048828125,1271.5999755859375,1274.1500244140625,1274.1500244140625,164443000,^TA125.TA,yfinance
2020-03-12,1196.1700439453125,1212.25,1155.81005859375,1194.68994140625,1194.68994140625,228968400,^TA125.TA,yfinance
2020-03-16,1177.5699462890625,1177.5699462890625,1120.0,1170.06005859375,1170.06005859375,138219500,^TA125.TA,yfinance
2020-03-17,1199.31005859375,1199.31005859375,1142.1600341796875,1190.3199462890625,1190.3199462890625,146199900,^TA125.TA,yfinance
2020-03-18,1142.25,1146.97998046875,1113.1700439453125,1113.1700439453125,1113.1700439453125,127365700,^TA125.TA,yfinance
2020-03-19,1106.6099853515625,1168.739990234375,1102.469970703125,1161.800048828125,1161.800048828125,164084700,^TA125.TA,yfinance
2020-03-23,1089.5799560546875,1147.3399658203125,1076.6500244140625,1105.949951171875,1105.949951171875,132376900,^TA125.TA,yfinance
2020-03-24,1149.6199951171875,1193.5999755859375,1147.280029296875,1188.8499755859375,1188.8499755859375,129935200,^TA125.TA,yfinance
2020-03-25,1209.5899658203125,1219.9300537109375,1166.260009765625,1191.77001953125,1191.77001953125,156725800,^TA125.TA,yfinance
2020-03-26,1186.75,1235.989990234375,1179.3800048828125,1232.0799560546875,1232.0799560546875,233486600,^TA125.TA,yfinance
2020-03-30,1228.8599853515625,1245.02001953125,1216.8800048828125,1243.68994140625,1243.68994140625,117596200,^TA125.TA,yfinance
2020-03-31,1260.8699951171875,1287.6500244140625,1245.8900146484375,1276.8800048828125,1276.8800048828125,173361700,^TA125.TA,yfinance
2020-04-01,1243.1500244140625,1249.3499755859375,1227.5999755859375,1236.8299560546875,1236.8299560546875,106236900,^TA125.TA,yfinance
2020-04-02,1245.4100341796875,1256.6800537109375,1226.8699951171875,1233.0,1233.0,203085800,^TA125.TA,yfinance
2020-04-06,1245.6500244140625,1270.1500244140625,1234.52001953125,1270.1500244140625,1270.1500244140625,130289200,^TA125.TA,yfinance
2020-04-07,1294.219970703125,1320.0400390625,1293.75,1312.52001953125,1312.52001953125,162599100,^TA125.TA,yfinance
2020-04-13,1328.6700439453125,1329.9599609375,1309.300048828125,1320.739990234375,1320.739990234375,74422000,^TA125.TA,yfinance
2020-04-16,1324.77001953125,1327.6700439453125,1292.3699951171875,1299.989990234375,1299.989990234375,146876100,^TA125.TA,yfinance
2020-04-20,1366.510009765625,1366.510009765625,1342.010009765625,1349.8699951171875,1349.8699951171875,97089800,^TA125.TA,yfinance
2020-04-21,1347.9300537109375,1348.75,1313.9100341796875,1320.4100341796875,1320.4100341796875,112514900,^TA125.TA,yfinance
2020-04-22,1323.800048828125,1332.5,1316.43994140625,1322.1400146484375,1322.1400146484375,94344000,^TA125.TA,yfinance
2020-04-23,1332.739990234375,1347.239990234375,1331.0,1343.1600341796875,1343.1600341796875,159370700,^TA125.TA,yfinance
2020-04-27,1388.4599609375,1402.8199462890625,1382.8900146484375,1392.31005859375,1392.31005859375,87395000,^TA125.TA,yfinance
2020-04-30,1440.989990234375,1444.8699951171875,1402.7900390625,1407.199951171875,1407.199951171875,139391400,^TA125.TA,yfinance
2020-05-04,1378.300048828125,1380.6300048828125,1350.6500244140625,1361.0400390625,1361.0400390625,77745000,^TA125.TA,yfinance
2020-05-05,1377.3399658203125,1393.1400146484375,1376.949951171875,1393.1400146484375,1393.1400146484375,85298100,^TA125.TA,yfinance
2020-05-06,1398.0899658203125,1408.3499755859375,1390.9100341796875,1394.6500244140625,1394.6500244140625,70122700,^TA125.TA,yfinance
2020-05-07,1400.3499755859375,1415.3199462890625,1400.3499755859375,1411.219970703125,1411.219970703125,144515300,^TA125.TA,yfinance
2020-05-11,1437.25,1439.1600341796875,1412.72998046875,1429.25,1429.25,70691300,^TA125.TA,yfinance
2020-05-12,1427.06005859375,1437.1300048828125,1413.3699951171875,1420.0699462890625,1420.0699462890625,96496600,^TA125.TA,yfinance
2020-05-13,1412.199951171875,1412.199951171875,1391.25,1394.5799560546875,1394.5799560546875,100047000,^TA125.TA,yfinance
2020-05-14,1376.56005859375,1376.56005859375,1327.7900390625,1330.77001953125,1330.77001953125,103782700,^TA125.TA,yfinance
2020-05-18,1389.6500244140625,1407.8499755859375,1387.6500244140625,1402.8199462890625,1402.8199462890625,70002600,^TA125.TA,yfinance
2020-05-19,1414.22998046875,1416.469970703125,1398.050048828125,1406.280029296875,1406.280029296875,62634500,^TA125.TA,yfinance
2020-05-20,1404.1099853515625,1417.239990234375,1401.6099853515625,1417.239990234375,1417.239990234375,56889200,^TA125.TA,yfinance
2020-05-21,1412.3499755859375,1413.1500244140625,1400.0699462890625,1406.530029296875,1406.530029296875,77687500,^TA125.TA,yfinance
2020-05-25,1428.239990234375,1434.1600341796875,1423.739990234375,1430.219970703125,1430.219970703125,68947200,^TA125.TA,yfinance
2020-05-26,1444.31005859375,1445.8900146484375,1421.9000244140625,1425.449951171875,1425.449951171875,89601200,^TA125.TA,yfinance
2020-05-27,1424.6800537109375,1428.030029296875,1406.8699951171875,1415.010009765625,1415.010009765625,137665900,^TA125.TA,yfinance
2020-06-01,1399.6199951171875,1405.530029296875,1381.7900390625,1404.6099853515625,1404.6099853515625,95340200,^TA125.TA,yfinance
2020-06-02,1406.719970703125,1417.81005859375,1398.780029296875,1407.97998046875,1407.97998046875,83796900,^TA125.TA,yfinance
2020-06-03,1413.56005859375,1415.5699462890625,1402.4100341796875,1407.02001953125,1407.02001953125,85655200,^TA125.TA,yfinance
2020-06-04,1400.68994140625,1413.2099609375,1400.68994140625,1412.25,1412.25,126487200,^TA125.TA,yfinance
2020-06-08,1428.719970703125,1442.1400146484375,1426.1500244140625,1439.3399658203125,1439.3399658203125,102105900,^TA125.TA,yfinance
2020-06-09,1442.5999755859375,1444.1300048828125,1424.9100341796875,1438.52001953125,1438.52001953125,90122300,^TA125.TA,yfinance
2020-06-10,1445.4100341796875,1452.06005859375,1439.1199951171875,1439.3299560546875,1439.3299560546875,75652000,^TA125.TA,yfinance
2020-06-11,1428.22998046875,1428.22998046875,1406.06005859375,1409.239990234375,1409.239990234375,88819200,^TA125.TA,yfinance
2020-06-15,1370.97998046875,1395.050048828125,1363.260009765625,1390.25,1390.25,93654500,^TA125.TA,yfinance
2020-06-16,1410.52001953125,1429.8699951171875,1410.52001953125,1423.5,1423.5,91141000,^TA125.TA,yfinance
2020-06-17,1422.2099609375,1423.9000244140625,1414.6600341796875,1414.6600341796875,1414.6600341796875,88439200,^TA125.TA,yfinance
2020-06-18,1410.9200439453125,1415.760009765625,1402.969970703125,1407.31005859375,1407.31005859375,105938700,^TA125.TA,yfinance
2020-06-22,1385.93994140625,1391.800048828125,1369.0,1380.800048828125,1380.800048828125,122446900,^TA125.TA,yfinance
2020-06-23,1386.3699951171875,1394.949951171875,1375.3299560546875,1375.550048828125,1375.550048828125,101083400,^TA125.TA,yfinance
2020-06-24,1375.3800048828125,1375.5999755859375,1345.68994140625,1345.68994140625,1345.68994140625,185939600,^TA125.TA,yfinance
2020-06-25,1338.3699951171875,1348.8199462890625,1326.5899658203125,1340.7099609375,1340.7099609375,115522100,^TA125.TA,yfinance
2020-06-29,1300.06005859375,1312.02001953125,1296.0699462890625,1310.77001953125,1310.77001953125,68613500,^TA125.TA,yfinance
2020-06-30,1312.9000244140625,1325.3399658203125,1311.5400390625,1325.22998046875,1325.22998046875,93613600,^TA125.TA,yfinance
2020-07-01,1332.469970703125,1361.9100341796875,1332.4300537109375,1361.9100341796875,1361.9100341796875,92961200,^TA125.TA,yfinance
2020-07-02,1362.699951171875,1384.1500244140625,1360.47998046875,1384.1500244140625,1384.1500244140625,161242100,^TA125.TA,yfinance
2020-07-06,1353.75,1373.949951171875,1335.75,1370.449951171875,1370.449951171875,94730000,^TA125.TA,yfinance
2020-07-07,1372.219970703125,1372.219970703125,1347.9100341796875,1362.5899658203125,1362.5899658203125,73544600,^TA125.TA,yfinance
2020-07-08,1348.18994140625,1351.4599609375,1337.6800537109375,1341.22998046875,1341.22998046875,81824200,^TA125.TA,yfinance
2020-07-09,1344.18994140625,1347.5899658203125,1333.3599853515625,1337.9599609375,1337.9599609375,140799900,^TA125.TA,yfinance
2020-07-13,1358.780029296875,1369.6500244140625,1358.6099853515625,1365.6099853515625,1365.6099853515625,160401100,^TA125.TA,yfinance
2020-07-14,1355.3699951171875,1356.300048828125,1339.1600341796875,1349.1099853515625,1349.1099853515625,94590700,^TA125.TA,yfinance
2020-07-15,1366.510009765625,1388.2099609375,1366.510009765625,1385.8599853515625,1385.8599853515625,116827700,^TA125.TA,yfinance
2020-07-16,1382.8299560546875,1383.6099853515625,1374.18994140625,1375.239990234375,1375.239990234375,82314000,^TA125.TA,yfinance
2020-07-20,1372.8399658203125,1387.72998046875,1369.97998046875,1386.5799560546875,1386.5799560546875,118821800,^TA125.TA,yfinance
2020-07-21,1402.6300048828125,1419.3599853515625,1402.6300048828125,1407.1400146484375,1407.1400146484375,175211800,^TA125.TA,yfinance
2020-07-22,1403.5,1404.969970703125,1394.199951171875,1400.31005859375,1400.31005859375,102314700,^TA125.TA,yfinance
2020-07-23,1410.0799560546875,1411.18994140625,1387.7900390625,1388.6500244140625,1388.6500244140625,104064400,^TA125.TA,yfinance
2020-07-27,1378.5699462890625,1382.1500244140625,1366.300048828125,1375.5799560546875,1375.5799560546875,95338400,^TA125.TA,yfinance
2020-07-28,1381.489990234375,1388.760009765625,1378.4300537109375,1380.199951171875,1380.199951171875,64636800,^TA125.TA,yfinance
2020-07-29,1378.9599609375,1385.8599853515625,1375.1199951171875,1381.1099853515625,1381.1099853515625,113218700,^TA125.TA,yfinance
2020-08-03,1385.199951171875,1391.02001953125,1382.8900146484375,1389.239990234375,1389.239990234375,66615800,^TA125.TA,yfinance
2020-08-04,1398.9100341796875,1399.3900146484375,1387.050048828125,1397.0899658203125,1397.0899658203125,89734000,^TA125.TA,yfinance
2020-08-05,1404.1300048828125,1423.510009765625,1404.0799560546875,1418.7900390625,1418.7900390625,93779000,^TA125.TA,yfinance
2020-08-06,1422.18994140625,1423.3299560546875,1411.1500244140625,1415.02001953125,1415.02001953125,386433400,^TA125.TA,yfinance
2020-08-10,1418.969970703125,1420.010009765625,1412.4000244140625,1414.239990234375,1414.239990234375,76553800,^TA125.TA,yfinance
2020-08-11,1418.3900146484375,1438.9000244140625,1418.06005859375,1430.219970703125,1430.219970703125,85429900,^TA125.TA,yfinance
2020-08-12,1429.52001953125,1445.280029296875,1427.68994140625,1445.280029296875,1445.280029296875,62102600,^TA125.TA,yfinance
2020-08-13,1443.3599853515625,1445.969970703125,1436.1199951171875,1438.3699951171875,1438.3699951171875,61374700,^TA125.TA,yfinance
2020-08-17,1461.3599853515625,1463.1600341796875,1454.31005859375,1457.8900146484375,1457.8900146484375,50103200,^TA125.TA,yfinance
2020-08-18,1459.1600341796875,1465.4100341796875,1449.280029296875,1450.239990234375,1450.239990234375,54910600,^TA125.TA,yfinance
2020-08-19,1447.1800537109375,1452.4599609375,1436.7099609375,1439.1700439453125,1439.1700439453125,53684400,^TA125.TA,yfinance
2020-08-20,1426.5899658203125,1427.3699951171875,1413.7900390625,1417.5,1417.5,63024200,^TA125.TA,yfinance
2020-08-24,1445.6199951171875,1449.0799560546875,1432.5,1437.3800048828125,1437.3800048828125,50493600,^TA125.TA,yfinance
2020-08-25,1441.3399658203125,1448.949951171875,1437.2099609375,1440.6400146484375,1440.6400146484375,62605000,^TA125.TA,yfinance
2020-08-26,1438.3299560546875,1457.1600341796875,1436.9000244140625,1454.1500244140625,1454.1500244140625,55474600,^TA125.TA,yfinance
2020-08-27,1453.3299560546875,1455.030029296875,1438.0,1439.239990234375,1439.239990234375,89931600,^TA125.TA,yfinance
2020-08-31,1439.5799560546875,1442.050048828125,1418.6700439453125,1423.0899658203125,1423.0899658203125,67452000,^TA125.TA,yfinance
2020-09-01,1427.97998046875,1431.3699951171875,1412.02001953125,1422.260009765625,1422.260009765625,61050800,^TA125.TA,yfinance
2020-09-02,1429.52001953125,1431.3599853515625,1414.43994140625,1416.56005859375,1416.56005859375,58069300,^TA125.TA,yfinance
2020-09-03,1411.280029296875,1414.43994140625,1368.9300537109375,1368.9300537109375,1368.9300537109375,171459300,^TA125.TA,yfinance
2020-09-07,1360.97998046875,1381.219970703125,1357.0400390625,1375.1199951171875,1375.1199951171875,42088800,^TA125.TA,yfinance
2020-09-08,1379.47998046875,1386.3699951171875,1342.43994140625,1354.030029296875,1354.030029296875,65020600,^TA125.TA,yfinance
2020-09-09,1349.8699951171875,1360.1700439453125,1344.97998046875,1352.81005859375,1352.81005859375,68110600,^TA125.TA,yfinance
2020-09-10,1346.2900390625,1349.9000244140625,1324.8599853515625,1334.1500244140625,1334.1500244140625,87393000,^TA125.TA,yfinance
2020-09-14,1352.010009765625,1363.52001953125,1351.0999755859375,1362.510009765625,1362.510009765625,64404300,^TA125.TA,yfinance
2020-09-15,1363.43994140625,1375.2099609375,1361.489990234375,1366.8599853515625,1366.8599853515625,60283800,^TA125.TA,yfinance
2020-09-16,1364.219970703125,1371.7099609375,1361.1199951171875,1365.0799560546875,1365.0799560546875,80697300,^TA125.TA,yfinance
2020-09-17,1346.719970703125,1359.9000244140625,1340.010009765625,1356.0699462890625,1356.0699462890625,149209200,^TA125.TA,yfinance
2020-09-21,1354.0999755859375,1358.9300537109375,1341.43994140625,1342.199951171875,1342.199951171875,76325400,^TA125.TA,yfinance
2020-09-22,1344.030029296875,1354.949951171875,1342.5400390625,1344.8599853515625,1344.8599853515625,58236000,^TA125.TA,yfinance
2020-09-23,1347.3499755859375,1349.3299560546875,1322.239990234375,1323.68994140625,1323.68994140625,114470600,^TA125.TA,yfinance
2020-09-24,1307.5699462890625,1315.6099853515625,1295.0899658203125,1304.5400390625,1304.5400390625,125307900,^TA125.TA,yfinance
2020-09-29,1322.8800048828125,1333.1099853515625,1317.18994140625,1331.27001953125,1331.27001953125,70280700,^TA125.TA,yfinance
2020-09-30,1323.949951171875,1347.0400390625,1319.0,1345.43994140625,1345.43994140625,67475300,^TA125.TA,yfinance
2020-10-01,1345.949951171875,1359.25,1342.219970703125,1355.52001953125,1355.52001953125,107349000,^TA125.TA,yfinance
2020-10-05,1373.52001953125,1387.3399658203125,1373.2099609375,1384.5400390625,1384.5400390625,57614500,^TA125.TA,yfinance
2020-10-06,1388.8900146484375,1394.0999755859375,1382.1199951171875,1388.0899658203125,1388.0899658203125,59520700,^TA125.TA,yfinance
2020-10-07,1391.77001953125,1396.550048828125,1383.6600341796875,1386.510009765625,1386.510009765625,72223800,^TA125.TA,yfinance
2020-10-08,1401.3800048828125,1407.31005859375,1401.1600341796875,1405.239990234375,1405.239990234375,57987500,^TA125.TA,yfinance
2020-10-12,1410.739990234375,1418.699951171875,1406.550048828125,1415.0699462890625,1415.0699462890625,76795600,^TA125.TA,yfinance
2020-10-13,1410.530029296875,1415.4599609375,1403.8699951171875,1406.550048828125,1406.550048828125,68766500,^TA125.TA,yfinance
2020-10-14,1407.8499755859375,1419.800048828125,1407.6800537109375,1413.8399658203125,1413.8399658203125,56066200,^TA125.TA,yfinance
2020-10-15,1403.4300537109375,1404.72998046875,1395.2099609375,1398.5899658203125,1398.5899658203125,99989600,^TA125.TA,yfinance
2020-10-19,1414.4599609375,1419.6099853515625,1405.8399658203125,1407.7900390625,1407.7900390625,60086500,^TA125.TA,yfinance
2020-10-20,1404.3800048828125,1409.9000244140625,1399.4300537109375,1404.550048828125,1404.550048828125,58965400,^TA125.TA,yfinance
2020-10-21,1406.5400390625,1406.5400390625,1395.1300048828125,1400.3699951171875,1400.3699951171875,46286100,^TA125.TA,yfinance
2020-10-22,1388.469970703125,1398.5799560546875,1385.510009765625,1394.260009765625,1394.260009765625,56028600,^TA125.TA,yfinance
2020-10-26,1403.52001953125,1404.489990234375,1395.699951171875,1395.699951171875,1395.699951171875,58987400,^TA125.TA,yfinance
2020-10-27,1400.280029296875,1401.8499755859375,1385.47998046875,1388.02001953125,1388.02001953125,54157800,^TA125.TA,yfinance
2020-10-28,1379.3199462890625,1379.3199462890625,1350.1600341796875,1353.0,1353.0,69942500,^TA125.TA,yfinance
2020-10-29,1368.989990234375,1373.93994140625,1350.18994140625,1373.93994140625,1373.93994140625,87054900,^TA125.TA,yfinance
2020-11-02,1373.5699462890625,1389.5,1367.800048828125,1389.5,1389.5,66924900,^TA125.TA,yfinance
2020-11-03,1389.9100341796875,1397.8299560546875,1386.8900146484375,1395.530029296875,1395.530029296875,65713800,^TA125.TA,yfinance
2020-11-04,1387.4599609375,1411.1700439453125,1387.4599609375,1410.6600341796875,1410.6600341796875,66378000,^TA125.TA,yfinance
2020-11-05,1427.0400390625,1429.3199462890625,1412.22998046875,1416.010009765625,1416.010009765625,176217300,^TA125.TA,yfinance
2020-11-09,1431.72998046875,1492.2900390625,1428.25,1465.06005859375,1465.06005859375,164708000,^TA125.TA,yfinance
2020-11-10,1458.4200439453125,1464.6700439453125,1448.93994140625,1455.77001953125,1455.77001953125,96883700,^TA125.TA,yfinance
2020-11-11,1459.8900146484375,1473.6600341796875,1459.8900146484375,1465.93994140625,1465.93994140625,77454500,^TA125.TA,yfinance
2020-11-12,1467.6800537109375,1468.3199462890625,1456.989990234375,1460.2900390625,1460.2900390625,75366800,^TA125.TA,yfinance
2020-11-16,1479.280029296875,1493.3499755859375,1474.050048828125,1478.4599609375,1478.4599609375,110918200,^TA125.TA,yfinance
2020-11-17,1478.5699462890625,1484.9200439453125,1466.6300048828125,1473.1500244140625,1473.1500244140625,87666400,^TA125.TA,yfinance
2020-11-18,1475.800048828125,1489.1400146484375,1474.25,1486.1199951171875,1486.1199951171875,88905500,^TA125.TA,yfinance
2020-11-19,1479.9200439453125,1480.3800048828125,1470.3900146484375,1476.3499755859375,1476.3499755859375,87532400,^TA125.TA,yfinance
2020-11-23,1488.9100341796875,1510.6099853515625,1488.9100341796875,1510.6099853515625,1510.6099853515625,76441300,^TA125.TA,yfinance
2020-11-24,1517.449951171875,1527.75,1516.97998046875,1527.75,1527.75,88206500,^TA125.TA,yfinance
2020-11-25,1532.449951171875,1535.800048828125,1516.199951171875,1519.6700439453125,1519.6700439453125,89288200,^TA125.TA,yfinance
2020-11-26,1536.6099853515625,1539.5799560546875,1528.0899658203125,1538.52001953125,1538.52001953125,147325200,^TA125.TA,yfinance
2020-11-30,1520.1400146484375,1522.81005859375,1512.4300537109375,1513.0999755859375,1513.0999755859375,130559500,^TA125.TA,yfinance
2020-12-01,1522.1700439453125,1523.1700439453125,1506.1800537109375,1508.6099853515625,1508.6099853515625,77500800,^TA125.TA,yfinance
2020-12-02,1503.5799560546875,1503.5799560546875,1479.3299560546875,1482.1800537109375,1482.1800537109375,79221300,^TA125.TA,yfinance
2020-12-03,1485.02001953125,1495.6500244140625,1485.02001953125,1494.4100341796875,1494.4100341796875,101538100,^TA125.TA,yfinance
2020-12-07,1522.5,1523.5799560546875,1511.9000244140625,1514.4300537109375,1514.4300537109375,59437100,^TA125.TA,yfinance
2020-12-08,1514.0999755859375,1518.8299560546875,1506.0699462890625,1510.3299560546875,1510.3299560546875,51963800,^TA125.TA,yfinance
2020-12-09,1522.77001953125,1533.449951171875,1522.77001953125,1531.0799560546875,1531.0799560546875,61617500,^TA125.TA,yfinance
2020-12-10,1518.469970703125,1523.4000244140625,1513.77001953125,1521.1400146484375,1521.1400146484375,70669700,^TA125.TA,yfinance
2020-12-14,1542.1199951171875,1550.219970703125,1539.72998046875,1550.2099609375,1550.2099609375,77465600,^TA125.TA,yfinance
2020-12-15,1544.8900146484375,1545.72998046875,1534.06005859375,1539.22998046875,1539.22998046875,127482400,^TA125.TA,yfinance
2020-12-16,1545.4599609375,1550.300048828125,1531.22998046875,1533.22998046875,1533.22998046875,104118200,^TA125.TA,yfinance
2020-12-17,1538.1099853515625,1539.449951171875,1530.949951171875,1533.010009765625,1533.010009765625,83216100,^TA125.TA,yfinance
2020-12-21,1505.7900390625,1506.8800048828125,1475.5699462890625,1486.1800537109375,1486.1800537109375,96034200,^TA125.TA,yfinance
2020-12-22,1490.760009765625,1507.6400146484375,1488.25,1506.75,1506.75,50353100,^TA125.TA,yfinance
2020-12-23,1507.6600341796875,1515.4100341796875,1505.02001953125,1509.0,1509.0,41754900,^TA125.TA,yfinance
2020-12-24,1518.719970703125,1531.3599853515625,1511.9000244140625,1529.989990234375,1529.989990234375,75340600,^TA125.TA,yfinance
2020-12-28,1566.6700439453125,1570.5899658203125,1553.68994140625,1555.949951171875,1555.949951171875,161302300,^TA125.TA,yfinance
2020-12-29,1558.0799560546875,1559.9300537109375,1546.7099609375,1547.719970703125,1547.719970703125,123004800,^TA125.TA,yfinance
2020-12-30,1547.8599853515625,1567.93994140625,1547.8599853515625,1567.4599609375,1567.4599609375,122987700,^TA125.TA,yfinance
2020-12-31,1562.1700439453125,1572.0400390625,1559.739990234375,1568.0899658203125,1568.0899658203125,97953100,^TA125.TA,yfinance
2021-01-04,1578.6099853515625,1579.1199951171875,1566.1199951171875,1568.1800537109375,1568.1800537109375,88234900,^TA125.TA,yfinance
2021-01-05,1559.760009765625,1562.18994140625,1549.3199462890625,1558.0799560546875,1558.0799560546875,71474100,^TA125.TA,yfinance
2021-01-06,1559.9599609375,1570.93994140625,1546.6800537109375,1570.93994140625,1570.93994140625,72154200,^TA125.TA,yfinance
2021-01-07,1574.469970703125,1600.239990234375,1574.469970703125,1597.489990234375,1597.489990234375,128799400,^TA125.TA,yfinance
2021-01-11,1620.4200439453125,1622.6300048828125,1611.239990234375,1620.3499755859375,1620.3499755859375,66678600,^TA125.TA,yfinance
2021-01-12,1626.010009765625,1643.27001953125,1619.1099853515625,1626.739990234375,1626.739990234375,81825800,^TA125.TA,yfinance
2021-01-13,1628.18994140625,1641.77001953125,1622.6700439453125,1641.77001953125,1641.77001953125,86232500,^TA125.TA,yfinance
2021-01-14,1643.280029296875,1653.4000244140625,1634.0899658203125,1648.9000244140625,1648.9000244140625,83459600,^TA125.TA,yfinance
2021-01-18,1642.25,1653.3599853515625,1639.8599853515625,1653.3599853515625,1653.3599853515625,51830000,^TA125.TA,yfinance
2021-01-19,1664.1700439453125,1671.1300048828125,1658.9100341796875,1662.3199462890625,1662.3199462890625,77637000,^TA125.TA,yfinance
2021-01-20,1667.8499755859375,1682.8299560546875,1667.8499755859375,1682.8299560546875,1682.8299560546875,75586000,^TA125.TA,yfinance
2021-01-21,1676.5899658203125,1681.8399658203125,1660.199951171875,1662.6099853515625,1662.6099853515625,88133600,^TA125.TA,yfinance
2021-01-25,1647.0699462890625,1654.1500244140625,1633.3699951171875,1649.5799560546875,1649.5799560546875,72264400,^TA125.TA,yfinance
2021-01-26,1641.550048828125,1652.1800537109375,1635.68994140625,1647.219970703125,1647.219970703125,72131600,^TA125.TA,yfinance
2021-01-27,1649.0400390625,1663.1199951171875,1630.8499755859375,1639.3499755859375,1639.3499755859375,83246500,^TA125.TA,yfinance
2021-01-28,1622.4300537109375,1647.8900146484375,1612.77001953125,1647.6600341796875,1647.6600341796875,113211900,^TA125.TA,yfinance
2021-02-01,1635.25,1646.219970703125,1635.25,1644.260009765625,1644.260009765625,63286300,^TA125.TA,yfinance
2021-02-02,1658.3800048828125,1668.02001953125,1655.260009765625,1660.2900390625,1660.2900390625,63127700,^TA125.TA,yfinance
2021-02-03,1666.97998046875,1668.1199951171875,1655.4100341796875,1655.4300537109375,1655.4300537109375,46625100,^TA125.TA,yfinance
2021-02-04,1662.699951171875,1662.699951171875,1650.6199951171875,1650.6199951171875,1650.6199951171875,152852900,^TA125.TA,yfinance
2021-02-08,1676.6199951171875,1677.0899658203125,1662.550048828125,1669.800048828125,1669.800048828125,72328300,^TA125.TA,yfinance
2021-02-09,1671.5799560546875,1680.02001953125,1669.5699462890625,1680.02001953125,1680.02001953125,65966000,^TA125.TA,yfinance
2021-02-10,1687.3800048828125,1692.6700439453125,1681.31005859375,1681.3199462890625,1681.3199462890625,99698500,^TA125.TA,yfinance
2021-02-11,1680.4300537109375,1681.4200439453125,1662.489990234375,1664.010009765625,1664.010009765625,77197300,^TA125.TA,yfinance
2021-02-15,1668.6800537109375,1681.8499755859375,1665.739990234375,1681.8499755859375,1681.8499755859375,82539800,^TA125.TA,yfinance
2021-02-16,1686.8499755859375,1689.489990234375,1678.18994140625,1682.800048828125,1682.800048828125,70894300,^TA125.TA,yfinance
2021-02-17,1682.8399658203125,1682.8399658203125,1659.969970703125,1665.0699462890625,1665.0699462890625,59763100,^TA125.TA,yfinance
2021-02-18,1659.6400146484375,1667.469970703125,1643.77001953125,1643.77001953125,1643.77001953125,59080700,^TA125.TA,yfinance
2021-02-22,1659.5999755859375,1659.5999755859375,1642.760009765625,1647.7099609375,1647.7099609375,75709900,^TA125.TA,yfinance
2021-02-23,1644.449951171875,1646.75,1597.719970703125,1607.6700439453125,1607.6700439453125,97389100,^TA125.TA,yfinance
2021-02-24,1611.1700439453125,1626.550048828125,1605.1600341796875,1615.3399658203125,1615.3399658203125,104746800,^TA125.TA,yfinance
2021-02-25,1622.030029296875,1626.3800048828125,1606.1600341796875,1608.0400390625,1608.0400390625,85323600,^TA125.TA,yfinance
2021-03-01,1617.949951171875,1628.699951171875,1617.469970703125,1628.699951171875,1628.699951171875,102302400,^TA125.TA,yfinance
2021-03-02,1626.52001953125,1637.6400146484375,1624.1500244140625,1631.93994140625,1631.93994140625,69623000,^TA125.TA,yfinance
2021-03-03,1631.43994140625,1635.3499755859375,1612.9300537109375,1614.6700439453125,1614.6700439453125,60723200,^TA125.TA,yfinance
2021-03-04,1606.18994140625,1615.6099853515625,1598.8699951171875,1601.5400390625,1601.5400390625,119932000,^TA125.TA,yfinance
2021-03-08,1613.0,1613.0699462890625,1589.280029296875,1609.3399658203125,1609.3399658203125,65199000,^TA125.TA,yfinance
2021-03-09,1608.25,1631.489990234375,1608.25,1631.2099609375,1631.2099609375,53229500,^TA125.TA,yfinance
2021-03-10,1631.969970703125,1641.8499755859375,1626.699951171875,1634.6700439453125,1634.6700439453125,60028100,^TA125.TA,yfinance
2021-03-11,1647.8699951171875,1654.68994140625,1645.5999755859375,1654.68994140625,1654.68994140625,70791100,^TA125.TA,yfinance
2021-03-15,1660.0699462890625,1664.9100341796875,1655.4200439453125,1660.6500244140625,1660.6500244140625,72360600,^TA125.TA,yfinance
2021-03-16,1668.1500244140625,1674.280029296875,1666.199951171875,1669.0899658203125,1669.0899658203125,82520000,^TA125.TA,yfinance
2021-03-17,1665.1300048828125,1665.1300048828125,1643.239990234375,1647.9000244140625,1647.9000244140625,70370900,^TA125.TA,yfinance
2021-03-18,1652.5999755859375,1657.0899658203125,1644.5899658203125,1649.77001953125,1649.77001953125,118026900,^TA125.TA,yfinance
2021-03-22,1647.530029296875,1668.3699951171875,1647.4000244140625,1668.3699951171875,1668.3699951171875,53335800,^TA125.TA,yfinance
2021-03-24,1653.9300537109375,1663.1400146484375,1651.1600341796875,1660.97998046875,1660.97998046875,61237100,^TA125.TA,yfinance
2021-03-25,1645.1800537109375,1651.760009765625,1627.4599609375,1636.56005859375,1636.56005859375,95976400,^TA125.TA,yfinance
2021-03-29,1652.0799560546875,1667.030029296875,1652.0799560546875,1666.800048828125,1666.800048828125,33801100,^TA125.TA,yfinance
2021-03-30,1661.3399658203125,1664.9599609375,1656.199951171875,1660.3399658203125,1660.3399658203125,30088800,^TA125.TA,yfinance
2021-03-31,1662.1800537109375,1667.6400146484375,1656.4100341796875,1664.0699462890625,1664.0699462890625,35785100,^TA125.TA,yfinance
2021-04-01,1665.4100341796875,1675.75,1665.260009765625,1672.5,1672.5,29096300,^TA125.TA,yfinance
2021-04-05,1695.68994140625,1702.72998046875,1692.010009765625,1692.010009765625,1692.010009765625,164380100,^TA125.TA,yfinance
2021-04-06,1692.9200439453125,1695.22998046875,1685.2900390625,1687.760009765625,1687.760009765625,57477700,^TA125.TA,yfinance
2021-04-07,1686.47998046875,1694.3299560546875,1682.739990234375,1690.5799560546875,1690.5799560546875,53454100,^TA125.TA,yfinance
2021-04-08,1689.4100341796875,1697.1700439453125,1689.4100341796875,1695.9300537109375,1695.9300537109375,56111600,^TA125.TA,yfinance
2021-04-12,1705.010009765625,1705.010009765625,1689.739990234375,1696.0699462890625,1696.0699462890625,70087600,^TA125.TA,yfinance
2021-04-13,1698.6199951171875,1701.6500244140625,1691.8399658203125,1697.27001953125,1697.27001953125,95017000,^TA125.TA,yfinance
2021-04-19,1708.5699462890625,1714.949951171875,1703.9599609375,1706.969970703125,1706.969970703125,73236800,^TA125.TA,yfinance
2021-04-20,1703.3599853515625,1709.1700439453125,1693.6099853515625,1697.8800048828125,1697.8800048828125,61675700,^TA125.TA,yfinance
2021-04-21,1691.68994140625,1694.969970703125,1684.3499755859375,1692.9100341796875,1692.9100341796875,55529300,^TA125.TA,yfinance
2021-04-22,1698.6199951171875,1701.3699951171875,1693.0699462890625,1698.4300537109375,1698.4300537109375,52755200,^TA125.TA,yfinance
2021-04-26,1700.0999755859375,1702.719970703125,1681.8900146484375,1701.6500244140625,1701.6500244140625,70177400,^TA125.TA,yfinance
2021-04-27,1707.6199951171875,1711.1600341796875,1699.239990234375,1699.239990234375,1699.239990234375,69680600,^TA125.TA,yfinance
2021-04-28,1704.1199951171875,1705.3800048828125,1696.550048828125,1705.3800048828125,1705.3800048828125,55749300,^TA125.TA,yfinance
2021-04-29,1716.0400390625,1718.4000244140625,1709.6500244140625,1714.6800537109375,1714.6800537109375,87792000,^TA125.TA,yfinance
2021-05-03,1717.510009765625,1732.8900146484375,1717.510009765625,1732.8399658203125,1732.8399658203125,79334200,^TA125.TA,yfinance
2021-05-04,1731.1800537109375,1735.199951171875,1712.6500244140625,1716.0999755859375,1716.0999755859375,59607200,^TA125.TA,yfinance
2021-05-05,1718.510009765625,1734.5899658203125,1718.510009765625,1729.1500244140625,1729.1500244140625,46660600,^TA125.TA,yfinance
2021-05-06,1736.780029296875,1740.4000244140625,1721.739990234375,1721.739990234375,1721.739990234375,97543900,^TA125.TA,yfinance
2021-05-10,1732.9100341796875,1739.4100341796875,1722.300048828125,1726.0899658203125,1726.0899658203125,65092200,^TA125.TA,yfinance
2021-05-11,1709.469970703125,1709.469970703125,1667.8599853515625,1695.3599853515625,1695.3599853515625,74404800,^TA125.TA,yfinance
2021-05-12,1684.780029296875,1705.06005859375,1682.1400146484375,1697.199951171875,1697.199951171875,57429400,^TA125.TA,yfinance
2021-05-13,1693.530029296875,1714.72998046875,1675.300048828125,1711.010009765625,1711.010009765625,58045500,^TA125.TA,yfinance
2021-05-18,1726.8199462890625,1738.6400146484375,1726.8199462890625,1734.1500244140625,1734.1500244140625,65847200,^TA125.TA,yfinance
2021-05-19,1727.6700439453125,1735.6500244140625,1715.31005859375,1724.1400146484375,1724.1400146484375,64837700,^TA125.TA,yfinance
2021-05-20,1742.4200439453125,1753.4000244140625,1736.9300537109375,1753.4000244140625,1753.4000244140625,95483200,^TA125.TA,yfinance
2021-05-24,1776.6600341796875,1781.2099609375,1764.050048828125,1773.68994140625,1773.68994140625,58775000,^TA125.TA,yfinance
2021-05-25,1778.93994140625,1779.4599609375,1764.4000244140625,1767.510009765625,1767.510009765625,67560700,^TA125.TA,yfinance
2021-05-26,1770.3900146484375,1773.8800048828125,1759.81005859375,1773.8800048828125,1773.8800048828125,67239600,^TA125.TA,yfinance
2021-05-27,1782.010009765625,1782.3299560546875,1768.27001953125,1774.469970703125,1774.469970703125,99478900,^TA125.TA,yfinance
2021-05-31,1783.6300048828125,1784.8399658203125,1765.7099609375,1772.18994140625,1772.18994140625,63748900,^TA125.TA,yfinance
2021-06-01,1774.2900390625,1777.0999755859375,1757.949951171875,1758.550048828125,1758.550048828125,51907100,^TA125.TA,yfinance
2021-06-02,1758.1400146484375,1764.280029296875,1753.3900146484375,1764.280029296875,1764.280029296875,68516600,^TA125.TA,yfinance
2021-06-03,1764.52001953125,1766.1300048828125,1743.760009765625,1750.9200439453125,1750.9200439453125,105524400,^TA125.TA,yfinance
2021-06-07,1759.4300537109375,1762.9100341796875,1754.469970703125,1760.22998046875,1760.22998046875,50907300,^TA125.TA,yfinance
2021-06-08,1760.47998046875,1762.6700439453125,1753.0999755859375,1757.27001953125,1757.27001953125,62320300,^TA125.TA,yfinance
2021-06-09,1764.260009765625,1765.18994140625,1751.3499755859375,1754.5799560546875,1754.5799560546875,62607400,^TA125.TA,yfinance
2021-06-10,1750.0400390625,1761.0400390625,1743.9599609375,1760.239990234375,1760.239990234375,71097300,^TA125.TA,yfinance
2021-06-14,1779.989990234375,1787.77001953125,1778.5899658203125,1783.2099609375,1783.2099609375,74231600,^TA125.TA,yfinance
2021-06-15,1784.1500244140625,1785.72998046875,1771.9100341796875,1775.6600341796875,1775.6600341796875,66854700,^TA125.TA,yfinance
2021-06-16,1774.469970703125,1774.469970703125,1766.800048828125,1773.6600341796875,1773.6600341796875,54951100,^TA125.TA,yfinance
2021-06-17,1766.77001953125,1766.989990234375,1755.6800537109375,1761.4599609375,1761.4599609375,77128000,^TA125.TA,yfinance
2021-06-21,1743.8399658203125,1759.6800537109375,1737.199951171875,1758.1300048828125,1758.1300048828125,59524700,^TA125.TA,yfinance
2021-06-22,1763.949951171875,1767.9000244140625,1760.199951171875,1764.050048828125,1764.050048828125,49934100,^TA125.TA,yfinance
2021-06-23,1769.1400146484375,1769.530029296875,1759.18994140625,1768.4300537109375,1768.4300537109375,51697100,^TA125.TA,yfinance
2021-06-24,1768.0999755859375,1771.0899658203125,1764.2099609375,1765.93994140625,1765.93994140625,101575400,^TA125.TA,yfinance
2021-06-28,1766.199951171875,1773.300048828125,1763.7099609375,1770.97998046875,1770.97998046875,47283500,^TA125.TA,yfinance
2021-06-29,1770.6199951171875,1774.8800048828125,1764.5799560546875,1768.1500244140625,1768.1500244140625,48903000,^TA125.TA,yfinance
2021-06-30,1767.9599609375,1770.72998046875,1762.489990234375,1764.5799560546875,1764.5799560546875,66310500,^TA125.TA,yfinance
2021-07-01,1766.780029296875,1771.3299560546875,1761.1600341796875,1765.5899658203125,1765.5899658203125,103910100,^TA125.TA,yfinance
2021-07-05,1767.25,1769.9000244140625,1763.27001953125,1768.06005859375,1768.06005859375,36235100,^TA125.TA,yfinance
2021-07-06,1768.0400390625,1769.68994140625,1761.9000244140625,1763.8800048828125,1763.8800048828125,45848800,^TA125.TA,yfinance
2021-07-07,1764.4200439453125,1775.4200439453125,1764.260009765625,1773.5699462890625,1773.5699462890625,72002800,^TA125.TA,yfinance
2021-07-08,1769.949951171875,1769.949951171875,1729.6400146484375,1735.9300537109375,1735.9300537109375,61903300,^TA125.TA,yfinance
2021-07-12,1762.43994140625,1764.77001953125,1754.5999755859375,1757.699951171875,1757.699951171875,60121200,^TA125.TA,yfinance
2021-07-13,1758.5400390625,1760.1099853515625,1749.739990234375,1755.1800537109375,1755.1800537109375,54472900,^TA125.TA,yfinance
2021-07-14,1750.780029296875,1754.1700439453125,1746.43994140625,1750.5799560546875,1750.5799560546875,46822300,^TA125.TA,yfinance
2021-07-15,1741.4300537109375,1741.4300537109375,1723.6500244140625,1733.0799560546875,1733.0799560546875,72430200,^TA125.TA,yfinance
2021-07-19,1719.3199462890625,1719.3199462890625,1681.6700439453125,1681.6700439453125,1681.6700439453125,93410800,^TA125.TA,yfinance
2021-07-20,1692.8399658203125,1705.3499755859375,1691.5699462890625,1705.3499755859375,1705.3499755859375,66410200,^TA125.TA,yfinance
2021-07-21,1712.1500244140625,1733.469970703125,1711.4200439453125,1731.719970703125,1731.719970703125,61006100,^TA125.TA,yfinance
2021-07-22,1712.780029296875,1740.97998046875,1712.780029296875,1732.800048828125,1732.800048828125,61555500,^TA125.TA,yfinance
2021-07-26,1742.969970703125,1745.949951171875,1730.8199462890625,1744.280029296875,1744.280029296875,47038800,^TA125.TA,yfinance
2021-07-27,1738.8299560546875,1747.469970703125,1733.0699462890625,1734.3299560546875,1734.3299560546875,68916300,^TA125.TA,yfinance
2021-07-28,1737.1800537109375,1755.030029296875,1733.260009765625,1755.030029296875,1755.030029296875,59411500,^TA125.TA,yfinance
2021-07-29,1766.3299560546875,1766.3299560546875,1756.77001953125,1763.280029296875,1763.280029296875,84469000,^TA125.TA,yfinance
2021-08-02,1776.1199951171875,1783.77001953125,1776.1199951171875,1783.77001953125,1783.77001953125,57037300,^TA125.TA,yfinance
2021-08-03,1780.9100341796875,1780.989990234375,1752.8900146484375,1759.1600341796875,1759.1600341796875,47944900,^TA125.TA,yfinance
2021-08-04,1761.8599853515625,1767.6300048828125,1751.739990234375,1758.7099609375,1758.7099609375,41988700,^TA125.TA,yfinance
2021-08-05,1755.260009765625,1760.9300537109375,1754.030029296875,1754.030029296875,1754.030029296875,205129500,^TA125.TA,yfinance
2021-08-09,1748.239990234375,1749.260009765625,1739.0699462890625,1743.0799560546875,1743.0799560546875,49765000,^TA125.TA,yfinance
2021-08-10,1742.0999755859375,1760.1099853515625,1741.050048828125,1760.1099853515625,1760.1099853515625,47687600,^TA125.TA,yfinance
2021-08-11,1758.31005859375,1761.5899658203125,1749.800048828125,1756.77001953125,1756.77001953125,71834300,^TA125.TA,yfinance
2021-08-12,1760.4000244140625,1772.449951171875,1752.6600341796875,1770.780029296875,1770.780029296875,95198800,^TA125.TA,yfinance
2021-08-16,1768.6500244140625,1769.68994140625,1756.31005859375,1758.4100341796875,1758.4100341796875,79088400,^TA125.TA,yfinance
2021-08-17,1755.760009765625,1757.1099853515625,1747.010009765625,1754.010009765625,1754.010009765625,57546600,^TA125.TA,yfinance
2021-08-18,1757.0799560546875,1775.3199462890625,1757.0799560546875,1775.3199462890625,1775.3199462890625,46543800,^TA125.TA,yfinance
2021-08-19,1764.75,1776.3699951171875,1754.5999755859375,1776.3699951171875,1776.3699951171875,49534200,^TA125.TA,yfinance
2021-08-23,1786.81005859375,1797.739990234375,1783.6700439453125,1797.739990234375,1797.739990234375,53223200,^TA125.TA,yfinance
2021-08-24,1803.81005859375,1812.6700439453125,1799.780029296875,1812.6700439453125,1812.6700439453125,50870400,^TA125.TA,yfinance
2021-08-25,1810.949951171875,1826.5,1808.0799560546875,1826.5,1826.5,52873800,^TA125.TA,yfinance
2021-08-26,1828.97998046875,1828.97998046875,1814.68994140625,1819.3499755859375,1819.3499755859375,92525800,^TA125.TA,yfinance
2021-08-30,1831.8699951171875,1833.219970703125,1820.5,1828.56005859375,1828.56005859375,41696700,^TA125.TA,yfinance
2021-08-31,1829.4000244140625,1831.699951171875,1813.510009765625,1818.530029296875,1818.530029296875,60880100,^TA125.TA,yfinance
2021-09-01,1821.93994140625,1829.280029296875,1818.8800048828125,1827.260009765625,1827.260009765625,42466600,^TA125.TA,yfinance
2021-09-02,1827.780029296875,1828.4300537109375,1820.800048828125,1824.1099853515625,1824.1099853515625,126280000,^TA125.TA,yfinance
2021-09-09,1821.68994140625,1861.1199951171875,1818.489990234375,1856.6099853515625,1856.6099853515625,82110400,^TA125.TA,yfinance
2021-09-13,1857.4300537109375,1873.18994140625,1853.9100341796875,1856.6800537109375,1856.6800537109375,67708300,^TA125.TA,yfinance
2021-09-14,1855.1700439453125,1865.6300048828125,1847.760009765625,1862.530029296875,1862.530029296875,76689400,^TA125.TA,yfinance
2021-09-22,1852.050048828125,1857.510009765625,1848.31005859375,1852.5,1852.5,55557800,^TA125.TA,yfinance
2021-09-23,1859.989990234375,1870.6800537109375,1858.1500244140625,1866.280029296875,1866.280029296875,59302800,^TA125.TA,yfinance
2021-09-29,1851.780029296875,1861.489990234375,1850.219970703125,1855.780029296875,1855.780029296875,80494600,^TA125.TA,yfinance
2021-09-30,1862.5899658203125,1864.3800048828125,1853.510009765625,1861.469970703125,1861.469970703125,80181800,^TA125.TA,yfinance
2021-10-04,1864.18994140625,1864.3499755859375,1848.9300537109375,1848.9300537109375,1848.9300537109375,54884000,^TA125.TA,yfinance
2021-10-05,1846.1700439453125,1856.0699462890625,1842.9000244140625,1856.0699462890625,1856.0699462890625,45798400,^TA125.TA,yfinance
2021-10-06,1852.8299560546875,1853.5699462890625,1828.1300048828125,1837.9599609375,1837.9599609375,69242000,^TA125.TA,yfinance
2021-10-07,1848.1600341796875,1860.68994140625,1848.1600341796875,1858.7099609375,1858.7099609375,87640000,^TA125.TA,yfinance
2021-10-11,1859.8299560546875,1874.43994140625,1858.449951171875,1874.18994140625,1874.18994140625,68705000,^TA125.TA,yfinance
2021-10-12,1866.0,1885.300048828125,1863.5999755859375,1881.9100341796875,1881.9100341796875,59666000,^TA125.TA,yfinance
2021-10-13,1881.6500244140625,1897.469970703125,1879.7900390625,1892.06005859375,1892.06005859375,83982300,^TA125.TA,yfinance
2021-10-14,1903.719970703125,1909.510009765625,1899.1400146484375,1907.7900390625,1907.7900390625,63906700,^TA125.TA,yfinance
2021-10-18,1908.02001953125,1908.02001953125,1895.4000244140625,1901.25,1901.25,49179500,^TA125.TA,yfinance
2021-10-19,1907.0899658203125,1908.77001953125,1899.5799560546875,1905.6600341796875,1905.6600341796875,48737300,^TA125.TA,yfinance
2021-10-20,1909.050048828125,1913.3199462890625,1907.06005859375,1910.93994140625,1910.93994140625,44065800,^TA125.TA,yfinance
2021-10-21,1914.760009765625,1923.949951171875,1909.489990234375,1923.7900390625,1923.7900390625,71829600,^TA125.TA,yfinance
2021-10-25,1923.780029296875,1933.6199951171875,1922.0999755859375,1933.3499755859375,1933.3499755859375,74431500,^TA125.TA,yfinance
2021-10-26,1937.9100341796875,1943.010009765625,1932.9000244140625,1938.5899658203125,1938.5899658203125,65857700,^TA125.TA,yfinance
2021-10-27,1936.800048828125,1937.6600341796875,1929.530029296875,1930.9000244140625,1930.9000244140625,51343400,^TA125.TA,yfinance
2021-10-28,1924.739990234375,1927.1700439453125,1914.8299560546875,1920.8599853515625,1920.8599853515625,66252600,^TA125.TA,yfinance
2021-11-01,1930.0899658203125,1943.02001953125,1930.0899658203125,1937.0400390625,1937.0400390625,33783100,^TA125.TA,yfinance
2021-11-02,1950.5899658203125,1968.1099853515625,1949.260009765625,1965.1199951171875,1965.1199951171875,89882800,^TA125.TA,yfinance
2021-11-03,1966.5799560546875,1975.530029296875,1955.1400146484375,1963.43994140625,1963.43994140625,55161200,^TA125.TA,yfinance
2021-11-04,1970.800048828125,1981.25,1970.2099609375,1975.5,1975.5,95391900,^TA125.TA,yfinance
2021-11-08,1981.68994140625,1984.1700439453125,1973.3900146484375,1984.1700439453125,1984.1700439453125,67289400,^TA125.TA,yfinance
2021-11-09,1985.300048828125,1990.43994140625,1975.6099853515625,1979.530029296875,1979.530029296875,44489500,^TA125.TA,yfinance
2021-11-10,1982.9300537109375,1984.800048828125,1958.8199462890625,1966.22998046875,1966.22998046875,67819000,^TA125.TA,yfinance
2021-11-11,1961.3599853515625,1975.75,1950.3599853515625,1975.75,1975.75,46644300,^TA125.TA,yfinance
2021-11-15,1992.4599609375,1996.1300048828125,1989.2900390625,1990.7900390625,1990.7900390625,47291100,^TA125.TA,yfinance
2021-11-16,1994.4100341796875,1997.6099853515625,1983.0999755859375,1983.8199462890625,1983.8199462890625,66958800,^TA125.TA,yfinance
2021-11-17,1989.8800048828125,1991.949951171875,1978.1500244140625,1980.719970703125,1980.719970703125,58256100,^TA125.TA,yfinance
2021-11-18,1984.8399658203125,1993.280029296875,1981.4599609375,1982.1300048828125,1982.1300048828125,61087000,^TA125.TA,yfinance
2021-11-22,1983.050048828125,1998.0,1981.4100341796875,1998.0,1998.0,62094400,^TA125.TA,yfinance
2021-11-23,1987.7900390625,1989.239990234375,1967.3900146484375,1984.300048828125,1984.300048828125,61937000,^TA125.TA,yfinance
2021-11-24,1984.300048828125,1990.6700439453125,1967.9300537109375,1975.7900390625,1975.7900390625,67577500,^TA125.TA,yfinance
2021-11-25,1986.02001953125,1987.3599853515625,1982.760009765625,1987.1500244140625,1987.1500244140625,62689400,^TA125.TA,yfinance
2021-11-29,1966.2099609375,1970.8699951171875,1958.31005859375,1969.1600341796875,1969.1600341796875,54754400,^TA125.TA,yfinance
2021-11-30,1956.6300048828125,1959.6300048828125,1947.199951171875,1954.6199951171875,1954.6199951171875,101850500,^TA125.TA,yfinance
2021-12-01,1959.550048828125,1980.6099853515625,1959.550048828125,1980.6099853515625,1980.6099853515625,66661600,^TA125.TA,yfinance
2021-12-02,1968.449951171875,1972.530029296875,1945.6199951171875,1955.8900146484375,1955.8900146484375,156135700,^TA125.TA,yfinance
2021-12-06,1954.6400146484375,1968.06005859375,1952.1800537109375,1968.06005859375,1968.06005859375,69355500,^TA125.TA,yfinance
2021-12-07,1977.8399658203125,2004.81005859375,1977.8399658203125,2004.81005859375,2004.81005859375,64083500,^TA125.TA,yfinance
2021-12-08,2003.81005859375,2014.219970703125,1992.699951171875,1996.43994140625,1996.43994140625,65850600,^TA125.TA,yfinance
2021-12-09,2004.8699951171875,2004.8699951171875,1991.1500244140625,1995.280029296875,1995.280029296875,54469700,^TA125.TA,yfinance
2021-12-13,1990.02001953125,1995.699951171875,1975.3599853515625,1978.1400146484375,1978.1400146484375,31067400,^TA125.TA,yfinance
2021-12-14,1973.9000244140625,1974.6600341796875,1948.6500244140625,1965.93994140625,1965.93994140625,53850000,^TA125.TA,yfinance
2021-12-15,1969.8399658203125,1977.1600341796875,1962.6199951171875,1965.4000244140625,1965.4000244140625,69496700,^TA125.TA,yfinance
2021-12-16,1993.530029296875,2002.0899658203125,1990.8199462890625,1991.0999755859375,1991.0999755859375,77474600,^TA125.TA,yfinance
2021-12-20,1957.6099853515625,1957.6099853515625,1931.8399658203125,1947.6700439453125,1947.6700439453125,77047600,^TA125.TA,yfinance
2021-12-21,1960.25,1975.6400146484375,1960.25,1971.6500244140625,1971.6500244140625,57098300,^TA125.TA,yfinance
2021-12-22,1983.31005859375,1999.8599853515625,1981.3499755859375,1995.7099609375,1995.7099609375,60289100,^TA125.TA,yfinance
2021-12-23,2010.3299560546875,2029.989990234375,2010.010009765625,2024.780029296875,2024.780029296875,74495200,^TA125.TA,yfinance
2021-12-27,2034.1099853515625,2039.3599853515625,2027.030029296875,2039.3599853515625,2039.3599853515625,77096200,^TA125.TA,yfinance
2021-12-28,2045.4300537109375,2066.14990234375,2045.2099609375,2057.3798828125,2057.3798828125,106886900,^TA125.TA,yfinance
2021-12-29,2060.669921875,2062.919921875,2044.3699951171875,2048.60009765625,2048.60009765625,99005400,^TA125.TA,yfinance
2021-12-30,2039.5400390625,2058.860107421875,2039.5400390625,2056.510009765625,2056.510009765625,94791100,^TA125.TA,yfinance
2022-01-03,2079.090087890625,2092.85009765625,2074.93994140625,2086.85009765625,2086.85009765625,131368300,^TA125.TA,yfinance
2022-01-04,2090.699951171875,2098.090087890625,2081.2900390625,2088.530029296875,2088.530029296875,85822000,^TA125.TA,yfinance
2022-01-05,2085.18994140625,2105.47998046875,2075.669921875,2105.47998046875,2105.47998046875,89036400,^TA125.TA,yfinance
2022-01-06,2080.4599609375,2100.219970703125,2074.5,2088.489990234375,2088.489990234375,129399600,^TA125.TA,yfinance
2022-01-10,2077.64990234375,2080.860107421875,2065.169921875,2067.110107421875,2067.110107421875,79347000,^TA125.TA,yfinance
2022-01-11,2079.27001953125,2106.409912109375,2079.27001953125,2106.409912109375,2106.409912109375,85810100,^TA125.TA,yfinance
2022-01-12,2118.68994140625,2138.760009765625,2117.02001953125,2138.760009765625,2138.760009765625,87359700,^TA125.TA,yfinance
2022-01-13,2135.1201171875,2158.1201171875,2132.5400390625,2152.159912109375,2152.159912109375,95329800,^TA125.TA,yfinance
2022-01-17,2137.989990234375,2146.489990234375,2132.14990234375,2141.949951171875,2141.949951171875,67210400,^TA125.TA,yfinance
2022-01-18,2136.199951171875,2136.330078125,2105.449951171875,2116.77001953125,2116.77001953125,78767100,^TA125.TA,yfinance
2022-01-19,2094.530029296875,2126.06005859375,2088.9599609375,2105.0400390625,2105.0400390625,81847000,^TA125.TA,yfinance
2022-01-20,2101.719970703125,2113.25,2091.699951171875,2113.25,2113.25,90417100,^TA125.TA,yfinance
2022-01-24,2053.360107421875,2065.719970703125,1975.469970703125,1975.469970703125,1975.469970703125,111217700,^TA125.TA,yfinance
2022-01-25,1985.6500244140625,2012.3900146484375,1973.3499755859375,1986.7900390625,1986.7900390625,86167600,^TA125.TA,yfinance
2022-01-26,1998.0400390625,2034.1300048828125,1998.0400390625,2033.3499755859375,2033.3499755859375,71575100,^TA125.TA,yfinance
2022-01-27,1987.0699462890625,2026.6099853515625,1987.0699462890625,2020.8299560546875,2020.8299560546875,128068500,^TA125.TA,yfinance
2022-01-31,2033.469970703125,2040.489990234375,2000.3900146484375,2029.47998046875,2029.47998046875,93521700,^TA125.TA,yfinance
2022-02-01,2047.31005859375,2056.590087890625,2028.739990234375,2035.449951171875,2035.449951171875,81850900,^TA125.TA,yfinance
2022-02-02,2052.639892578125,2068.4599609375,2050.969970703125,2057.070068359375,2057.070068359375,92187300,^TA125.TA,yfinance
2022-02-03,2047.0899658203125,2054.7900390625,2033.27001953125,2041.8399658203125,2041.8399658203125,304245000,^TA125.TA,yfinance
2022-02-07,2045.18994140625,2046.1600341796875,2026.530029296875,2041.989990234375,2041.989990234375,67082200,^TA125.TA,yfinance
2022-02-08,2040.8599853515625,2059.89990234375,2033.5999755859375,2037.949951171875,2037.949951171875,64945900,^TA125.TA,yfinance
2022-02-09,2054.030029296875,2083.929931640625,2054.030029296875,2083.8701171875,2083.8701171875,68108900,^TA125.TA,yfinance
2022-02-10,2092.389892578125,2095.050048828125,2061.449951171875,2084.030029296875,2084.030029296875,62246800,^TA125.TA,yfinance
2022-02-14,2019.27001953125,2048.830078125,1994.3399658203125,2039.3599853515625,2039.3599853515625,73213400,^TA125.TA,yfinance
2022-02-15,2034.9200439453125,2083.3798828125,2032.050048828125,2065.77001953125,2065.77001953125,62917600,^TA125.TA,yfinance
2022-02-16,2074.5,2094.409912109375,2074.35009765625,2087.81005859375,2087.81005859375,63130000,^TA125.TA,yfinance
2022-02-17,2098.3701171875,2102.31005859375,2072.659912109375,2077.43994140625,2077.43994140625,70858700,^TA125.TA,yfinance
2022-02-21,2081.510009765625,2091.5400390625,2055.090087890625,2069.800048828125,2069.800048828125,48534000,^TA125.TA,yfinance
2022-02-22,2048.179931640625,2075.409912109375,2040.8900146484375,2074.18994140625,2074.18994140625,69554500,^TA125.TA,yfinance
2022-02-23,2079.429931640625,2090.6298828125,2068.6298828125,2072.7099609375,2072.7099609375,65546700,^TA125.TA,yfinance
2022-02-24,2025.5,2026.7099609375,1986.199951171875,2009.77001953125,2009.77001953125,118224000,^TA125.TA,yfinance
2022-02-28,2040.1700439453125,2054.919921875,2024.5799560546875,2054.919921875,2054.919921875,74147500,^TA125.TA,yfinance
2022-03-01,2046.6099853515625,2054.949951171875,2025.4300537109375,2042.1600341796875,2042.1600341796875,68411100,^TA125.TA,yfinance
2022-03-02,2031.77001953125,2059.56005859375,2031.3800048828125,2051.800048828125,2051.800048828125,60501500,^TA125.TA,yfinance
2022-03-03,2059.570068359375,2065.760009765625,2036.7099609375,2036.7099609375,2036.7099609375,94068000,^TA125.TA,yfinance
2022-03-07,2007.77001953125,2027.739990234375,1985.030029296875,2014.199951171875,2014.199951171875,88466300,^TA125.TA,yfinance
2022-03-08,1992.22998046875,2011.9599609375,1984.68994140625,1994.2099609375,1994.2099609375,97633300,^TA125.TA,yfinance
2022-03-09,2007.7099609375,2032.739990234375,2001.5400390625,2032.739990234375,2032.739990234375,113434600,^TA125.TA,yfinance
2022-03-10,2035.949951171875,2038.8399658203125,2008.3499755859375,2019.25,2019.25,75876500,^TA125.TA,yfinance
2022-03-14,1995.300048828125,2004.3900146484375,1988.8499755859375,1993.9200439453125,1993.9200439453125,51704700,^TA125.TA,yfinance
2022-03-15,1978.1700439453125,2000.239990234375,1967.8199462890625,1998.949951171875,1998.949951171875,67962200,^TA125.TA,yfinance
2022-03-16,2017.8499755859375,2038.72998046875,2017.8499755859375,2033.6700439453125,2033.6700439453125,109381300,^TA125.TA,yfinance
2022-03-21,2079.780029296875,2081.239990234375,2067.419921875,2077.06005859375,2077.06005859375,79943400,^TA125.TA,yfinance
2022-03-22,2084.719970703125,2101.860107421875,2080.330078125,2100.840087890625,2100.840087890625,71380500,^TA125.TA,yfinance
2022-03-23,2102.06005859375,2104.389892578125,2086.93994140625,2104.389892578125,2104.389892578125,116541600,^TA125.TA,yfinance
2022-03-24,2114.360107421875,2116.389892578125,2104.590087890625,2112.889892578125,2112.889892578125,113712900,^TA125.TA,yfinance
2022-03-28,2101.9599609375,2110.7099609375,2099.85009765625,2105.800048828125,2105.800048828125,77988500,^TA125.TA,yfinance
2022-03-29,2111.0400390625,2120.010009765625,2108.2099609375,2113.949951171875,2113.949951171875,92252300,^TA125.TA,yfinance
2022-03-30,2115.2099609375,2117.14990234375,2093.760009765625,2116.340087890625,2116.340087890625,67418700,^TA125.TA,yfinance
2022-03-31,2109.669921875,2114.1298828125,2097.110107421875,2097.110107421875,2097.110107421875,65037200,^TA125.TA,yfinance
2022-04-04,2115.010009765625,2135.780029296875,2109.10009765625,2135.780029296875,2135.780029296875,68083800,^TA125.TA,yfinance
2022-04-05,2140.800048828125,2156.1201171875,2140.6298828125,2150.659912109375,2150.659912109375,69418800,^TA125.TA,yfinance
2022-04-06,2140.89990234375,2141.280029296875,2111.360107421875,2117.2099609375,2117.2099609375,58404500,^TA125.TA,yfinance
2022-04-07,2116.02001953125,2127.080078125,2114.52001953125,2117.75,2117.75,104638900,^TA125.TA,yfinance
2022-04-11,2112.81005859375,2113.070068359375,2093.320068359375,2101.840087890625,2101.840087890625,63763800,^TA125.TA,yfinance
2022-04-12,2099.139892578125,2114.159912109375,2088.06005859375,2108.419921875,2108.419921875,49959700,^TA125.TA,yfinance
2022-04-13,2107.820068359375,2116.719970703125,2101.27001953125,2103.300048828125,2103.300048828125,47357300,^TA125.TA,yfinance
2022-04-14,2114.47998046875,2123.06005859375,2111.7900390625,2118.360107421875,2118.360107421875,54662900,^TA125.TA,yfinance
2022-04-18,2123.219970703125,2131.429931640625,2120.510009765625,2129.6201171875,2129.6201171875,19050600,^TA125.TA,yfinance
2022-04-19,2133.169921875,2145.669921875,2131.760009765625,2141.469970703125,2141.469970703125,49747900,^TA125.TA,yfinance
2022-04-20,2137.6298828125,2155.800048828125,2137.6298828125,2150.919921875,2150.919921875,43608100,^TA125.TA,yfinance
2022-04-25,2102.77001953125,2110.300048828125,2095.7099609375,2100.179931640625,2100.179931640625,68521500,^TA125.TA,yfinance
2022-04-26,2113.510009765625,2115.239990234375,2101.4599609375,2101.4599609375,2101.4599609375,58850700,^TA125.TA,yfinance
2022-04-27,2090.909912109375,2094.60009765625,2080.1298828125,2087.0400390625,2087.0400390625,69142400,^TA125.TA,yfinance
2022-04-28,2103.330078125,2120.840087890625,2103.050048828125,2109.18994140625,2109.18994140625,85129000,^TA125.TA,yfinance
2022-05-02,2080.179931640625,2085.510009765625,2001.9100341796875,2021.3900146484375,2021.3900146484375,87830500,^TA125.TA,yfinance
2022-05-03,2012.5999755859375,2022.510009765625,1992.6500244140625,2022.0799560546875,2022.0799560546875,82754000,^TA125.TA,yfinance
2022-05-09,1960.7900390625,1974.5899658203125,1903.780029296875,1936.4100341796875,1936.4100341796875,172503400,^TA125.TA,yfinance
2022-05-10,1939.010009765625,1958.47998046875,1920.02001953125,1949.489990234375,1949.489990234375,85306700,^TA125.TA,yfinance
2022-05-11,1955.5400390625,1988.6800537109375,1940.6300048828125,1965.9000244140625,1965.9000244140625,86055200,^TA125.TA,yfinance
2022-05-12,1937.68994140625,1941.5699462890625,1918.260009765625,1941.5699462890625,1941.5699462890625,81659200,^TA125.TA,yfinance
2022-05-16,1953.8299560546875,1969.3699951171875,1940.739990234375,1969.3699951171875,1969.3699951171875,60180900,^TA125.TA,yfinance
2022-05-17,1978.449951171875,2005.3699951171875,1978.3699951171875,1999.81005859375,1999.81005859375,65180400,^TA125.TA,yfinance
2022-05-18,2005.47998046875,2010.6400146484375,1982.81005859375,1990.5999755859375,1990.5999755859375,71179500,^TA125.TA,yfinance
2022-05-19,1960.9300537109375,1960.9300537109375,1928.6099853515625,1938.7900390625,1938.7900390625,97348600,^TA125.TA,yfinance
2022-05-23,1975.5799560546875,1982.9000244140625,1958.1700439453125,1965.47998046875,1965.47998046875,75521500,^TA125.TA,yfinance
2022-05-24,1953.949951171875,1956.030029296875,1916.2900390625,1916.2900390625,1916.2900390625,100124500,^TA125.TA,yfinance
2022-05-25,1925.0699462890625,1936.3699951171875,1882.300048828125,1890.68994140625,1890.68994140625,82006600,^TA125.TA,yfinance
2022-05-26,1883.739990234375,1942.3499755859375,1883.7099609375,1939.0699462890625,1939.0699462890625,94131500,^TA125.TA,yfinance
2022-05-30,1995.699951171875,2003.0699462890625,1965.6700439453125,1973.239990234375,1973.239990234375,56586000,^TA125.TA,yfinance
2022-05-31,1970.6600341796875,1978.1099853515625,1947.7099609375,1965.1800537109375,1965.1800537109375,118906600,^TA125.TA,yfinance
2022-06-01,1970.02001953125,1990.3800048828125,1967.68994140625,1985.530029296875,1985.530029296875,66641700,^TA125.TA,yfinance
2022-06-02,1981.260009765625,1985.3599853515625,1958.4000244140625,1963.7900390625,1963.7900390625,105863500,^TA125.TA,yfinance
2022-06-06,1975.3199462890625,1987.8800048828125,1969.3299560546875,1977.5999755859375,1977.5999755859375,54989700,^TA125.TA,yfinance
2022-06-07,1963.219970703125,1964.1199951171875,1943.699951171875,1954.030029296875,1954.030029296875,64431000,^TA125.TA,yfinance
2022-06-08,1963.2099609375,1971.77001953125,1956.530029296875,1964.9200439453125,1964.9200439453125,59738700,^TA125.TA,yfinance
2022-06-09,1963.510009765625,1964.760009765625,1937.4300537109375,1939.3299560546875,1939.3299560546875,86360400,^TA125.TA,yfinance
2022-06-13,1835.719970703125,1855.969970703125,1817.050048828125,1832.8599853515625,1832.8599853515625,100893600,^TA125.TA,yfinance
2022-06-14,1836.4200439453125,1851.6500244140625,1823.449951171875,1844.9300537109375,1844.9300537109375,71253000,^TA125.TA,yfinance
2022-06-15,1844.9100341796875,1873.469970703125,1837.8299560546875,1869.6400146484375,1869.6400146484375,68612300,^TA125.TA,yfinance
2022-06-16,1855.2099609375,1858.780029296875,1823.9100341796875,1823.9100341796875,1823.9100341796875,93276200,^TA125.TA,yfinance
2022-06-20,1849.800048828125,1871.0899658203125,1849.739990234375,1856.8199462890625,1856.8199462890625,77180400,^TA125.TA,yfinance
2022-06-21,1863.3299560546875,1893.969970703125,1863.3299560546875,1891.6800537109375,1891.6800537109375,55081300,^TA125.TA,yfinance
2022-06-22,1867.8599853515625,1890.6800537109375,1848.949951171875,1890.6800537109375,1890.6800537109375,87359800,^TA125.TA,yfinance
2022-06-23,1889.3900146484375,1905.8499755859375,1874.75,1879.469970703125,1879.469970703125,85467600,^TA125.TA,yfinance
2022-06-27,1915.699951171875,1925.9000244140625,1902.31005859375,1908.1400146484375,1908.1400146484375,61087700,^TA125.TA,yfinance
2022-06-28,1920.5999755859375,1935.97998046875,1920.5999755859375,1929.22998046875,1929.22998046875,79013500,^TA125.TA,yfinance
2022-06-29,1907.6800537109375,1928.1500244140625,1904.0899658203125,1926.0999755859375,1926.0999755859375,67569900,^TA125.TA,yfinance
2022-06-30,1917.550048828125,1917.550048828125,1883.81005859375,1883.81005859375,1883.81005859375,77649200,^TA125.TA,yfinance
2022-07-04,1914.9100341796875,1915.6099853515625,1903.4599609375,1906.72998046875,1906.72998046875,49027400,^TA125.TA,yfinance
2022-07-05,1912.81005859375,1914.3399658203125,1880.02001953125,1887.489990234375,1887.489990234375,77502200,^TA125.TA,yfinance
2022-07-06,1898.1800537109375,1898.1800537109375,1868.8299560546875,1882.6600341796875,1882.6600341796875,79946700,^TA125.TA,yfinance
2022-07-07,1889.3800048828125,1914.77001953125,1888.1099853515625,1914.77001953125,1914.77001953125,130663600,^TA125.TA,yfinance
2022-07-11,1931.1300048828125,1939.780029296875,1922.52001953125,1922.760009765625,1922.760009765625,66282500,^TA125.TA,yfinance
2022-07-12,1917.4000244140625,1935.9300537109375,1915.2900390625,1923.550048828125,1923.550048828125,58933700,^TA125.TA,yfinance
2022-07-13,1930.5,1930.8800048828125,1908.300048828125,1914.2900390625,1914.2900390625,50453900,^TA125.TA,yfinance
2022-07-14,1921.2099609375,1922.530029296875,1897.6400146484375,1899.0,1899.0,71072400,^TA125.TA,yfinance
2022-07-18,1933.4300537109375,1946.9300537109375,1933.0699462890625,1944.25,1944.25,69080000,^TA125.TA,yfinance
2022-07-19,1938.699951171875,1941.8499755859375,1929.969970703125,1941.8499755859375,1941.8499755859375,67971000,^TA125.TA,yfinance
2022-07-20,1961.969970703125,1965.530029296875,1952.18994140625,1963.469970703125,1963.469970703125,72251800,^TA125.TA,yfinance
2022-07-21,1967.8499755859375,1984.0999755859375,1961.18994140625,1984.0999755859375,1984.0999755859375,78037800,^TA125.TA,yfinance
2022-07-25,1979.1400146484375,1985.0799560546875,1966.6800537109375,1966.6800537109375,1966.6800537109375,64494800,^TA125.TA,yfinance
2022-07-26,1969.030029296875,1971.300048828125,1954.0999755859375,1954.1500244140625,1954.1500244140625,64420600,^TA125.TA,yfinance
2022-07-27,1972.0,1972.6199951171875,1963.510009765625,1971.0799560546875,1971.0799560546875,74903200,^TA125.TA,yfinance
2022-07-28,1998.6099853515625,1998.6099853515625,1978.02001953125,1984.3399658203125,1984.3399658203125,104997900,^TA125.TA,yfinance
2022-08-01,2012.27001953125,2012.27001953125,1994.6300048828125,2003.6300048828125,2003.6300048828125,65843900,^TA125.TA,yfinance
2022-08-02,2000.0400390625,2000.0400390625,1981.280029296875,1989.3299560546875,1989.3299560546875,58098500,^TA125.TA,yfinance
2022-08-03,1995.1700439453125,2008.050048828125,1994.2099609375,2005.510009765625,2005.510009765625,69512200,^TA125.TA,yfinance
2022-08-04,2006.02001953125,2018.8199462890625,2006.02001953125,2011.260009765625,2011.260009765625,349568200,^TA125.TA,yfinance
2022-08-08,2022.9300537109375,2047.4000244140625,2022.9300537109375,2046.0,2046.0,60497500,^TA125.TA,yfinance
2022-08-09,2048.06005859375,2052.68994140625,2035.47998046875,2039.300048828125,2039.300048828125,51063400,^TA125.TA,yfinance
2022-08-10,2041.1099853515625,2078.830078125,2038.1199951171875,2076.389892578125,2076.389892578125,69820100,^TA125.TA,yfinance
2022-08-11,2099.840087890625,2099.840087890625,2065.2900390625,2089.419921875,2089.419921875,74469900,^TA125.TA,yfinance
2022-08-15,2102.14990234375,2109.610107421875,2081.909912109375,2104.570068359375,2104.570068359375,64268700,^TA125.TA,yfinance
2022-08-16,2103.1201171875,2114.06005859375,2097.179931640625,2104.179931640625,2104.179931640625,72640600,^TA125.TA,yfinance
2022-08-17,2106.909912109375,2115.280029296875,2078.260009765625,2081.580078125,2081.580078125,65323700,^TA125.TA,yfinance
2022-08-18,2073.179931640625,2106.77001953125,2072.93994140625,2105.909912109375,2105.909912109375,71135800,^TA125.TA,yfinance
2022-08-22,2085.27001953125,2086.35009765625,2065.840087890625,2072.080078125,2072.080078125,65008100,^TA125.TA,yfinance
2022-08-23,2067.0400390625,2088.75,2065.419921875,2088.75,2088.75,54647200,^TA125.TA,yfinance
2022-08-24,2088.1298828125,2117.56005859375,2080.909912109375,2116.159912109375,2116.159912109375,55822000,^TA125.TA,yfinance
2022-08-25,2119.580078125,2129.659912109375,2105.550048828125,2112.93994140625,2112.93994140625,72488900,^TA125.TA,yfinance
2022-08-29,2076.169921875,2087.530029296875,2070.570068359375,2081.60009765625,2081.60009765625,61532400,^TA125.TA,yfinance
2022-08-30,2085.320068359375,2096.43994140625,2070.43994140625,2071.530029296875,2071.530029296875,63325500,^TA125.TA,yfinance
2022-08-31,2075.5400390625,2079.429931640625,2062.3701171875,2073.860107421875,2073.860107421875,217986200,^TA125.TA,yfinance
2022-09-01,2060.52001953125,2066.1298828125,2050.330078125,2060.68994140625,2060.68994140625,159404100,^TA125.TA,yfinance
2022-09-05,2057.669921875,2063.530029296875,2037.6600341796875,2053.199951171875,2053.199951171875,47142000,^TA125.TA,yfinance
2022-09-06,2059.77001953125,2067.239990234375,2033.6300048828125,2033.6300048828125,2033.6300048828125,56538300,^TA125.TA,yfinance
2022-09-07,2033.0400390625,2037.52001953125,2009.4200439453125,2019.9200439453125,2019.9200439453125,85673300,^TA125.TA,yfinance
2022-09-08,2038.260009765625,2043.6800537109375,2024.3699951171875,2037.9200439453125,2037.9200439453125,66980800,^TA125.TA,yfinance
2022-09-12,2068.659912109375,2076.47998046875,2065.4599609375,2069.760009765625,2069.760009765625,75241900,^TA125.TA,yfinance
2022-09-13,2076.929931640625,2081.9599609375,2036.8199462890625,2045.8699951171875,2045.8699951171875,73759300,^TA125.TA,yfinance
2022-09-14,2033.47998046875,2036.010009765625,2004.8299560546875,2015.550048828125,2015.550048828125,58090600,^TA125.TA,yfinance
2022-09-15,2020.93994140625,2034.5,1997.8499755859375,2007.3499755859375,2007.3499755859375,82414600,^TA125.TA,yfinance
2022-09-19,1974.22998046875,1997.0799560546875,1969.4100341796875,1995.8900146484375,1995.8900146484375,60903300,^TA125.TA,yfinance
2022-09-20,2000.239990234375,2009.02001953125,1981.3299560546875,1983.52001953125,1983.52001953125,51123400,^TA125.TA,yfinance
2022-09-21,1975.5799560546875,1993.4000244140625,1972.31005859375,1992.9000244140625,1992.9000244140625,53779400,^TA125.TA,yfinance
2022-09-22,1967.9000244140625,1985.5400390625,1965.18994140625,1968.8299560546875,1968.8299560546875,46845900,^TA125.TA,yfinance
2022-09-28,1936.260009765625,1936.260009765625,1905.449951171875,1918.260009765625,1918.260009765625,94719100,^TA125.TA,yfinance
2022-09-29,1913.9599609375,1919.239990234375,1883.9300537109375,1883.9300537109375,1883.9300537109375,88997700,^TA125.TA,yfinance
2022-10-03,1848.56005859375,1881.5999755859375,1839.8599853515625,1878.199951171875,1878.199951171875,81838800,^TA125.TA,yfinance
2022-10-06,1916.3299560546875,1927.6700439453125,1897.530029296875,1903.0999755859375,1903.0999755859375,158694400,^TA125.TA,yfinance
2022-10-11,1853.969970703125,1881.6099853515625,1849.81005859375,1881.0999755859375,1881.0999755859375,47279000,^TA125.TA,yfinance
2022-10-12,1887.489990234375,1898.3800048828125,1873.949951171875,1891.5,1891.5,42116400,^TA125.TA,yfinance
2022-10-13,1889.8699951171875,1908.3699951171875,1882.8299560546875,1906.3800048828125,1906.3800048828125,31641900,^TA125.TA,yfinance
2022-10-18,1937.780029296875,1941.2099609375,1921.6099853515625,1927.1400146484375,1927.1400146484375,61835200,^TA125.TA,yfinance
2022-10-19,1925.3399658203125,1927.8900146484375,1909.31005859375,1925.3199462890625,1925.3199462890625,48661400,^TA125.TA,yfinance
2022-10-20,1919.510009765625,1922.0,1906.3499755859375,1917.5699462890625,1917.5699462890625,60533900,^TA125.TA,yfinance
2022-10-24,1930.1400146484375,1937.93994140625,1918.5699462890625,1924.02001953125,1924.02001953125,62240200,^TA125.TA,yfinance
2022-10-25,1931.1400146484375,1942.56005859375,1924.8599853515625,1942.56005859375,1942.56005859375,67941600,^TA125.TA,yfinance
2022-10-26,1938.3199462890625,1958.43994140625,1937.0400390625,1958.43994140625,1958.43994140625,55239600,^TA125.TA,yfinance
2022-10-27,1958.97998046875,1958.97998046875,1943.31005859375,1956.8399658203125,1956.8399658203125,63535300,^TA125.TA,yfinance
2022-10-31,1972.75,1974.0899658203125,1952.219970703125,1958.6800537109375,1958.6800537109375,65973900,^TA125.TA,yfinance
2022-11-02,1961.9000244140625,1965.949951171875,1951.0699462890625,1954.2099609375,1954.2099609375,64909600,^TA125.TA,yfinance
2022-11-03,1928.7900390625,1932.06005859375,1912.030029296875,1923.719970703125,1923.719970703125,117911600,^TA125.TA,yfinance
2022-11-07,1932.3199462890625,1945.7900390625,1920.3399658203125,1920.3399658203125,1920.3399658203125,60468000,^TA125.TA,yfinance
2022-11-08,1921.239990234375,1941.8399658203125,1904.02001953125,1941.8399658203125,1941.8399658203125,80839600,^TA125.TA,yfinance
2022-11-09,1942.93994140625,1947.969970703125,1931.7900390625,1936.0,1936.0,68851800,^TA125.TA,yfinance
2022-11-10,1923.93994140625,1995.989990234375,1919.4100341796875,1990.8900146484375,1990.8900146484375,88146500,^TA125.TA,yfinance
2022-11-14,1984.7900390625,1984.7900390625,1959.010009765625,1965.3299560546875,1965.3299560546875,74727400,^TA125.TA,yfinance
2022-11-15,1971.6700439453125,1991.2099609375,1961.75,1983.030029296875,1983.030029296875,70028600,^TA125.TA,yfinance
2022-11-16,1973.949951171875,1976.93994140625,1951.8199462890625,1954.6099853515625,1954.6099853515625,50220700,^TA125.TA,yfinance
2022-11-17,1952.280029296875,1957.260009765625,1908.6700439453125,1912.3399658203125,1912.3399658203125,67137800,^TA125.TA,yfinance
2022-11-21,1925.0,1930.0400390625,1904.8199462890625,1906.4100341796875,1906.4100341796875,51677100,^TA125.TA,yfinance
2022-11-22,1910.969970703125,1918.6600341796875,1898.1300048828125,1912.9200439453125,1912.9200439453125,57088700,^TA125.TA,yfinance
2022-11-23,1916.6500244140625,1926.030029296875,1899.31005859375,1899.4100341796875,1899.4100341796875,55211900,^TA125.TA,yfinance
2022-11-24,1903.050048828125,1916.93994140625,1899.18994140625,1903.93994140625,1903.93994140625,66725100,^TA125.TA,yfinance
2022-11-28,1880.6300048828125,1880.6300048828125,1859.4300537109375,1868.1400146484375,1868.1400146484375,56938900,^TA125.TA,yfinance
2022-11-29,1869.5699462890625,1897.25,1856.0799560546875,1895.3699951171875,1895.3699951171875,62356800,^TA125.TA,yfinance
2022-11-30,1893.1300048828125,1907.3599853515625,1883.780029296875,1884.010009765625,1884.010009765625,94051200,^TA125.TA,yfinance
2022-12-01,1909.6099853515625,1917.780029296875,1904.4300537109375,1912.0,1912.0,115225800,^TA125.TA,yfinance
2022-12-05,1905.5999755859375,1917.3399658203125,1901.9200439453125,1903.1099853515625,1903.1099853515625,70342600,^TA125.TA,yfinance
2022-12-06,1898.1400146484375,1900.3499755859375,1879.3800048828125,1881.3699951171875,1881.3699951171875,56511200,^TA125.TA,yfinance
2022-12-07,1876.68994140625,1877.6199951171875,1849.9200439453125,1852.010009765625,1852.010009765625,75439700,^TA125.TA,yfinance
2022-12-08,1853.2900390625,1866.510009765625,1841.1199951171875,1865.31005859375,1865.31005859375,63950900,^TA125.TA,yfinance
2022-12-12,1857.449951171875,1858.4200439453125,1842.3900146484375,1849.56005859375,1849.56005859375,67981600,^TA125.TA,yfinance
2022-12-13,1857.7099609375,1890.6500244140625,1853.18994140625,1871.989990234375,1871.989990234375,63239600,^TA125.TA,yfinance
2022-12-14,1867.0799560546875,1867.199951171875,1851.0899658203125,1857.18994140625,1857.18994140625,47532900,^TA125.TA,yfinance
2022-12-15,1842.6600341796875,1853.989990234375,1832.31005859375,1841.6800537109375,1841.6800537109375,71804600,^TA125.TA,yfinance
2022-12-19,1822.77001953125,1834.1800537109375,1822.260009765625,1826.0899658203125,1826.0899658203125,63429200,^TA125.TA,yfinance
2022-12-20,1814.0400390625,1831.06005859375,1807.6400146484375,1813.449951171875,1813.449951171875,57489200,^TA125.TA,yfinance
2022-12-21,1817.780029296875,1828.6600341796875,1816.72998046875,1828.6600341796875,1828.6600341796875,53858700,^TA125.TA,yfinance
2022-12-22,1827.8800048828125,1835.3399658203125,1802.02001953125,1810.52001953125,1810.52001953125,54234900,^TA125.TA,yfinance
2022-12-26,1785.280029296875,1795.8800048828125,1770.469970703125,1787.1700439453125,1787.1700439453125,47096800,^TA125.TA,yfinance
2022-12-27,1802.3299560546875,1812.5,1791.3299560546875,1799.75,1799.75,52493400,^TA125.TA,yfinance
2022-12-28,1800.1700439453125,1808.8199462890625,1783.4200439453125,1803.1500244140625,1803.1500244140625,61344700,^TA125.TA,yfinance
2022-12-29,1795.3399658203125,1815.0400390625,1784.239990234375,1813.3499755859375,1813.3499755859375,95667200,^TA125.TA,yfinance
2023-01-02,1801.4100341796875,1815.56005859375,1796.8499755859375,1807.0799560546875,1807.0799560546875,43348300,^TA125.TA,yfinance
2023-01-03,1808.8199462890625,1829.010009765625,1808.8199462890625,1811.9300537109375,1811.9300537109375,60819000,^TA125.TA,yfinance
2023-01-04,1813.1199951171875,1826.1400146484375,1810.7099609375,1815.760009765625,1815.760009765625,55741300,^TA125.TA,yfinance
2023-01-05,1815.81005859375,1823.9100341796875,1801.9300537109375,1807.31005859375,1807.31005859375,90012300,^TA125.TA,yfinance
2023-01-09,1835.2900390625,1851.1800537109375,1832.5999755859375,1850.43994140625,1850.43994140625,58364900,^TA125.TA,yfinance
2023-01-10,1845.3199462890625,1846.969970703125,1836.0,1843.18994140625,1843.18994140625,33630600,^TA125.TA,yfinance
2023-01-11,1844.3499755859375,1852.31005859375,1843.199951171875,1845.949951171875,1845.949951171875,49645600,^TA125.TA,yfinance
2023-01-12,1852.760009765625,1859.3299560546875,1841.6500244140625,1848.260009765625,1848.260009765625,56721600,^TA125.TA,yfinance
2023-01-16,1875.43994140625,1886.3599853515625,1873.75,1884.0,1884.0,39673500,^TA125.TA,yfinance
2023-01-17,1886.7099609375,1889.4100341796875,1879.8699951171875,1887.8299560546875,1887.8299560546875,40505800,^TA125.TA,yfinance
2023-01-18,1886.5,1891.969970703125,1882.260009765625,1889.1199951171875,1889.1199951171875,52978300,^TA125.TA,yfinance
2023-01-19,1878.97998046875,1878.97998046875,1854.219970703125,1856.72998046875,1856.72998046875,66277400,^TA125.TA,yfinance
2023-01-23,1857.550048828125,1859.25,1847.699951171875,1859.25,1859.25,55429400,^TA125.TA,yfinance
2023-01-24,1861.06005859375,1866.3399658203125,1848.030029296875,1858.0699462890625,1858.0699462890625,61650500,^TA125.TA,yfinance
2023-01-25,1854.010009765625,1857.0400390625,1825.989990234375,1825.989990234375,1825.989990234375,62430700,^TA125.TA,yfinance
2023-01-26,1835.489990234375,1840.4300537109375,1798.1600341796875,1807.52001953125,1807.52001953125,92630900,^TA125.TA,yfinance
2023-01-30,1768.8299560546875,1804.3399658203125,1766.0899658203125,1797.4300537109375,1797.4300537109375,71447600,^TA125.TA,yfinance
2023-01-31,1792.6300048828125,1823.6600341796875,1786.8800048828125,1822.8399658203125,1822.8399658203125,65286600,^TA125.TA,yfinance
2023-02-01,1824.8399658203125,1840.6800537109375,1824.8399658203125,1835.050048828125,1835.050048828125,59043100,^TA125.TA,yfinance
2023-02-02,1852.9200439453125,1877.5799560546875,1852.0999755859375,1875.030029296875,1875.030029296875,175034500,^TA125.TA,yfinance
2023-02-06,1853.199951171875,1861.5999755859375,1838.9100341796875,1846.800048828125,1846.800048828125,63785900,^TA125.TA,yfinance
2023-02-07,1849.9100341796875,1864.9300537109375,1839.6300048828125,1846.260009765625,1846.260009765625,66701200,^TA125.TA,yfinance
2023-02-08,1856.5899658203125,1861.050048828125,1832.5699462890625,1836.4300537109375,1836.4300537109375,45879400,^TA125.TA,yfinance
2023-02-09,1838.510009765625,1839.9599609375,1818.5899658203125,1818.5899658203125,1818.5899658203125,71908500,^TA125.TA,yfinance
2023-02-13,1805.510009765625,1836.93994140625,1796.8399658203125,1831.780029296875,1831.780029296875,65544400,^TA125.TA,yfinance
2023-02-14,1833.239990234375,1840.3399658203125,1814.43994140625,1827.219970703125,1827.219970703125,53995000,^TA125.TA,yfinance
2023-02-15,1818.6300048828125,1853.6500244140625,1814.1600341796875,1839.43994140625,1839.43994140625,64266400,^TA125.TA,yfinance
2023-02-16,1852.0400390625,1853.5400390625,1809.7099609375,1822.6700439453125,1822.6700439453125,74001100,^TA125.TA,yfinance
2023-02-20,1805.1300048828125,1819.800048828125,1798.52001953125,1810.6300048828125,1810.6300048828125,47030000,^TA125.TA,yfinance
2023-02-21,1807.4000244140625,1809.199951171875,1770.010009765625,1774.239990234375,1774.239990234375,85834000,^TA125.TA,yfinance
2023-02-22,1768.6800537109375,1778.9100341796875,1747.6500244140625,1765.8900146484375,1765.8900146484375,88265300,^TA125.TA,yfinance
2023-02-23,1770.97998046875,1774.1400146484375,1750.6199951171875,1752.199951171875,1752.199951171875,98630000,^TA125.TA,yfinance
2023-02-27,1705.280029296875,1726.5799560546875,1687.06005859375,1722.989990234375,1722.989990234375,112981500,^TA125.TA,yfinance
2023-02-28,1720.5899658203125,1739.1600341796875,1704.1400146484375,1731.989990234375,1731.989990234375,116575600,^TA125.TA,yfinance
2023-03-01,1737.739990234375,1754.1300048828125,1725.52001953125,1736.989990234375,1736.989990234375,90232600,^TA125.TA,yfinance
2023-03-02,1731.989990234375,1738.2900390625,1724.5400390625,1732.6500244140625,1732.6500244140625,99084600,^TA125.TA,yfinance
2023-03-06,1748.2900390625,1788.06005859375,1748.2900390625,1779.8900146484375,1779.8900146484375,82426400,^TA125.TA,yfinance
2023-03-08,1765.530029296875,1782.1099853515625,1757.5699462890625,1779.43994140625,1779.43994140625,0,^TA125.TA,yfinance
2023-03-09,1787.81005859375,1791.81005859375,1776.0799560546875,1787.9599609375,1787.9599609375,81535200,^TA125.TA,yfinance
2023-03-13,1742.010009765625,1747.31005859375,1696.1600341796875,1717.97998046875,1717.97998046875,98197400,^TA125.TA,yfinance
2023-03-14,1713.469970703125,1745.52001953125,1706.4599609375,1739.56005859375,1739.56005859375,69370700,^TA125.TA,yfinance
2023-03-15,1736.489990234375,1746.8900146484375,1698.6600341796875,1711.4100341796875,1711.4100341796875,81701400,^TA125.TA,yfinance
2023-03-16,1709.81005859375,1713.18994140625,1680.6700439453125,1709.4000244140625,1709.4000244140625,110433100,^TA125.TA,yfinance
2023-03-20,1686.489990234375,1722.699951171875,1681.9000244140625,1721.6500244140625,1721.6500244140625,79969400,^TA125.TA,yfinance
2023-03-21,1727.5799560546875,1747.0400390625,1715.8299560546875,1737.18994140625,1737.18994140625,78589400,^TA125.TA,yfinance
2023-03-22,1734.219970703125,1754.4100341796875,1733.3900146484375,1740.8499755859375,1740.8499755859375,67329300,^TA125.TA,yfinance
2023-03-23,1737.5,1783.9300537109375,1724.5999755859375,1776.72998046875,1776.72998046875,91047500,^TA125.TA,yfinance
2023-03-27,1768.77001953125,1779.3699951171875,1752.3299560546875,1768.219970703125,1768.219970703125,89201700,^TA125.TA,yfinance
2023-03-28,1779.050048828125,1783.72998046875,1746.25,1751.06005859375,1751.06005859375,92680600,^TA125.TA,yfinance
2023-03-29,1751.0799560546875,1751.3299560546875,1716.260009765625,1720.3299560546875,1720.3299560546875,73179400,^TA125.TA,yfinance
2023-03-30,1729.260009765625,1738.239990234375,1719.8599853515625,1725.8199462890625,1725.8199462890625,113682700,^TA125.TA,yfinance
2023-04-03,1747.780029296875,1751.300048828125,1727.56005859375,1729.68994140625,1729.68994140625,66714100,^TA125.TA,yfinance
2023-04-04,1724.77001953125,1740.6600341796875,1724.77001953125,1735.2099609375,1735.2099609375,79297700,^TA125.TA,yfinance
2023-04-10,1733.25,1747.3299560546875,1731.9000244140625,1739.5699462890625,1739.5699462890625,31067900,^TA125.TA,yfinance
2023-04-13,1750.0400390625,1750.0400390625,1715.739990234375,1732.75,1732.75,161021600,^TA125.TA,yfinance
2023-04-17,1733.77001953125,1735.75,1717.510009765625,1717.8800048828125,1717.8800048828125,70244600,^TA125.TA,yfinance
2023-04-18,1717.6800537109375,1734.7900390625,1714.5,1724.68994140625,1724.68994140625,69104400,^TA125.TA,yfinance
2023-04-19,1715.56005859375,1726.43994140625,1711.77001953125,1714.300048828125,1714.300048828125,66506300,^TA125.TA,yfinance
2023-04-20,1707.3900146484375,1708.469970703125,1697.1400146484375,1702.1400146484375,1702.1400146484375,62449900,^TA125.TA,yfinance
2023-04-24,1709.8499755859375,1730.989990234375,1708.1199951171875,1727.6400146484375,1727.6400146484375,75839800,^TA125.TA,yfinance
2023-04-27,1718.75,1740.9100341796875,1714.02001953125,1735.530029296875,1735.530029296875,100791500,^TA125.TA,yfinance
2023-05-01,1756.52001953125,1772.8499755859375,1755.4000244140625,1761.25,1761.25,67090500,^TA125.TA,yfinance
2023-05-02,1762.7900390625,1775.8199462890625,1758.280029296875,1770.8399658203125,1770.8399658203125,100841200,^TA125.TA,yfinance
2023-05-03,1767.199951171875,1792.050048828125,1766.449951171875,1792.050048828125,1792.050048828125,77387800,^TA125.TA,yfinance
2023-05-04,1797.72998046875,1800.27001953125,1783.8399658203125,1785.8299560546875,1785.8299560546875,185780300,^TA125.TA,yfinance
2023-05-08,1800.1300048828125,1805.25,1786.4599609375,1786.4599609375,1786.4599609375,70100800,^TA125.TA,yfinance
2023-05-09,1782.449951171875,1783.3599853515625,1768.3399658203125,1772.050048828125,1772.050048828125,48734700,^TA125.TA,yfinance
2023-05-10,1778.1099853515625,1801.5,1778.1099853515625,1794.5799560546875,1794.5799560546875,76527600,^TA125.TA,yfinance
2023-05-11,1807.3699951171875,1826.5999755859375,1804.22998046875,1811.22998046875,1811.22998046875,86051400,^TA125.TA,yfinance
2023-05-15,1806.3699951171875,1813.449951171875,1799.93994140625,1809.510009765625,1809.510009765625,78022200,^TA125.TA,yfinance
2023-05-16,1804.8499755859375,1808.550048828125,1796.219970703125,1799.18994140625,1799.18994140625,65894100,^TA125.TA,yfinance
2023-05-17,1806.25,1825.6300048828125,1797.5400390625,1823.300048828125,1823.300048828125,75717600,^TA125.TA,yfinance
2023-05-18,1830.9000244140625,1831.8900146484375,1818.25,1823.9599609375,1823.9599609375,79694800,^TA125.TA,yfinance
2023-05-22,1815.3299560546875,1818.050048828125,1794.449951171875,1802.050048828125,1802.050048828125,83931700,^TA125.TA,yfinance
2023-05-23,1804.5799560546875,1809.1199951171875,1778.800048828125,1782.5699462890625,1782.5699462890625,62981400,^TA125.TA,yfinance
2023-05-24,1783.56005859375,1783.56005859375,1761.969970703125,1764.219970703125,1764.219970703125,100327500,^TA125.TA,yfinance
2023-05-29,1779.52001953125,1781.219970703125,1758.0999755859375,1772.280029296875,1772.280029296875,64808500,^TA125.TA,yfinance
2023-05-30,1773.5899658203125,1778.9200439453125,1760.5400390625,1760.5400390625,1760.5400390625,77909900,^TA125.TA,yfinance
2023-05-31,1758.6199951171875,1759.3900146484375,1742.3900146484375,1747.02001953125,1747.02001953125,267151800,^TA125.TA,yfinance
2023-06-01,1745.3800048828125,1751.3599853515625,1728.72998046875,1728.72998046875,1728.72998046875,157321900,^TA125.TA,yfinance
2023-06-05,1761.0899658203125,1773.800048828125,1759.6199951171875,1765.1600341796875,1765.1600341796875,60941700,^TA125.TA,yfinance
2023-06-06,1766.8900146484375,1776.489990234375,1750.3399658203125,1756.6800537109375,1756.6800537109375,72689500,^TA125.TA,yfinance
2023-06-07,1758.3299560546875,1794.030029296875,1758.1600341796875,1789.18994140625,1789.18994140625,78214000,^TA125.TA,yfinance
2023-06-08,1789.0,1807.8499755859375,1784.219970703125,1796.97998046875,1796.97998046875,61299400,^TA125.TA,yfinance
2023-06-12,1805.0,1820.06005859375,1801.3199462890625,1819.3199462890625,1819.3199462890625,66533600,^TA125.TA,yfinance
2023-06-13,1831.3900146484375,1835.97998046875,1823.4200439453125,1830.800048828125,1830.800048828125,63359500,^TA125.TA,yfinance
2023-06-14,1837.8599853515625,1848.68994140625,1808.510009765625,1825.0999755859375,1825.0999755859375,68594900,^TA125.TA,yfinance
2023-06-15,1825.7099609375,1843.02001953125,1816.97998046875,1841.6199951171875,1841.6199951171875,97616900,^TA125.TA,yfinance
2023-06-19,1818.8199462890625,1835.449951171875,1816.5,1834.280029296875,1834.280029296875,48019400,^TA125.TA,yfinance
2023-06-20,1831.31005859375,1842.2099609375,1824.4200439453125,1831.9000244140625,1831.9000244140625,41314700,^TA125.TA,yfinance
2023-06-21,1833.219970703125,1839.780029296875,1810.25,1810.25,1810.25,45044300,^TA125.TA,yfinance
2023-06-22,1801.02001953125,1812.0999755859375,1796.68994140625,1807.7099609375,1807.7099609375,47480300,^TA125.TA,yfinance
2023-06-26,1778.9100341796875,1790.22998046875,1777.8599853515625,1788.530029296875,1788.530029296875,48147600,^TA125.TA,yfinance
2023-06-27,1785.8800048828125,1787.43994140625,1770.3499755859375,1770.3499755859375,1770.3499755859375,48924500,^TA125.TA,yfinance
2023-06-28,1773.0699462890625,1780.0699462890625,1762.9200439453125,1774.1400146484375,1774.1400146484375,55631300,^TA125.TA,yfinance
2023-06-29,1764.1500244140625,1778.9599609375,1762.7900390625,1775.6500244140625,1775.6500244140625,99925600,^TA125.TA,yfinance
2023-07-03,1790.7900390625,1794.8900146484375,1783.8599853515625,1788.3800048828125,1788.3800048828125,49775800,^TA125.TA,yfinance
2023-07-04,1790.6300048828125,1797.8800048828125,1788.3499755859375,1797.0899658203125,1797.0899658203125,33826200,^TA125.TA,yfinance
2023-07-05,1796.6300048828125,1811.6400146484375,1793.4599609375,1811.6400146484375,1811.6400146484375,50743500,^TA125.TA,yfinance
2023-07-06,1801.1300048828125,1809.0899658203125,1791.43994140625,1791.5899658203125,1791.5899658203125,101229800,^TA125.TA,yfinance
2023-07-10,1763.22998046875,1783.3199462890625,1760.739990234375,1783.0899658203125,1783.0899658203125,41260400,^TA125.TA,yfinance
2023-07-11,1772.8800048828125,1801.3699951171875,1772.8800048828125,1800.9599609375,1800.9599609375,49497000,^TA125.TA,yfinance
2023-07-12,1803.8699951171875,1833.68994140625,1803.280029296875,1833.68994140625,1833.68994140625,56797000,^TA125.TA,yfinance
2023-07-13,1840.3599853515625,1844.6800537109375,1829.1099853515625,1838.6099853515625,1838.6099853515625,65106200,^TA125.TA,yfinance
2023-07-17,1825.56005859375,1842.1700439453125,1822.8199462890625,1836.18994140625,1836.18994140625,57523800,^TA125.TA,yfinance
2023-07-18,1841.3599853515625,1875.6300048828125,1840.199951171875,1875.6300048828125,1875.6300048828125,50802300,^TA125.TA,yfinance
2023-07-19,1877.3599853515625,1921.3599853515625,1875.5999755859375,1920.9100341796875,1920.9100341796875,99216300,^TA125.TA,yfinance
2023-07-20,1926.8299560546875,1926.8299560546875,1901.3499755859375,1903.4200439453125,1903.4200439453125,66009600,^TA125.TA,yfinance
2023-07-24,1916.93994140625,1935.0999755859375,1867.3900146484375,1875.219970703125,1875.219970703125,76386800,^TA125.TA,yfinance
2023-07-25,1870.5,1871.0699462890625,1807.9000244140625,1818.780029296875,1818.780029296875,97751200,^TA125.TA,yfinance
2023-07-26,1854.5400390625,1861.8499755859375,1830.949951171875,1861.22998046875,1861.22998046875,105588500,^TA125.TA,yfinance
2023-07-31,1883.780029296875,1890.280029296875,1876.6099853515625,1888.97998046875,1888.97998046875,56097700,^TA125.TA,yfinance
2023-08-01,1893.4000244140625,1896.1300048828125,1879.0999755859375,1879.0999755859375,1879.0999755859375,52414200,^TA125.TA,yfinance
2023-08-02,1867.3599853515625,1880.0,1855.989990234375,1877.02001953125,1877.02001953125,62048800,^TA125.TA,yfinance
2023-08-03,1874.8699951171875,1877.9200439453125,1862.3299560546875,1867.5999755859375,1867.5999755859375,143873400,^TA125.TA,yfinance
2023-08-07,1883.4100341796875,1898.280029296875,1883.4100341796875,1892.75,1892.75,49049500,^TA125.TA,yfinance
2023-08-08,1883.699951171875,1898.4200439453125,1878.22998046875,1881.8499755859375,1881.8499755859375,47254800,^TA125.TA,yfinance
2023-08-09,1889.8199462890625,1913.9000244140625,1882.0799560546875,1908.8399658203125,1908.8399658203125,65385300,^TA125.TA,yfinance
2023-08-10,1904.5400390625,1917.8399658203125,1904.5400390625,1912.7099609375,1912.7099609375,48197000,^TA125.TA,yfinance
2023-08-14,1891.199951171875,1899.8299560546875,1871.719970703125,1873.449951171875,1873.449951171875,57170100,^TA125.TA,yfinance
2023-08-15,1881.949951171875,1882.550048828125,1857.0,1871.27001953125,1871.27001953125,57457200,^TA125.TA,yfinance
2023-08-16,1872.22998046875,1879.06005859375,1858.9300537109375,1864.22998046875,1864.22998046875,38272300,^TA125.TA,yfinance
2023-08-17,1859.22998046875,1864.280029296875,1844.2900390625,1849.550048828125,1849.550048828125,55564700,^TA125.TA,yfinance
2023-08-21,1853.6300048828125,1865.989990234375,1853.6300048828125,1863.760009765625,1863.760009765625,45582300,^TA125.TA,yfinance
2023-08-22,1867.9000244140625,1875.4000244140625,1861.93994140625,1875.4000244140625,1875.4000244140625,52765600,^TA125.TA,yfinance
2023-08-23,1875.47998046875,1885.0400390625,1865.0699462890625,1876.280029296875,1876.280029296875,48930300,^TA125.TA,yfinance
2023-08-24,1886.199951171875,1889.4300537109375,1869.1400146484375,1871.9599609375,1871.9599609375,71046100,^TA125.TA,yfinance
2023-08-28,1873.4000244140625,1880.989990234375,1870.8800048828125,1875.5999755859375,1875.5999755859375,52655900,^TA125.TA,yfinance
2023-08-29,1862.3199462890625,1871.5,1852.68994140625,1858.6800537109375,1858.6800537109375,49159500,^TA125.TA,yfinance
2023-08-30,1866.1099853515625,1874.239990234375,1861.9200439453125,1869.510009765625,1869.510009765625,36228800,^TA125.TA,yfinance
2023-08-31,1865.93994140625,1878.3399658203125,1862.5899658203125,1873.760009765625,1873.760009765625,75679800,^TA125.TA,yfinance
2023-09-04,1870.8499755859375,1872.1500244140625,1850.47998046875,1853.739990234375,1853.739990234375,38152100,^TA125.TA,yfinance
2023-09-05,1856.989990234375,1877.22998046875,1856.989990234375,1865.7099609375,1865.7099609375,67288100,^TA125.TA,yfinance
2023-09-06,1860.18994140625,1871.9300537109375,1855.4599609375,1866.239990234375,1866.239990234375,40346600,^TA125.TA,yfinance
2023-09-07,1857.0899658203125,1858.3800048828125,1847.1099853515625,1853.3299560546875,1853.3299560546875,116766300,^TA125.TA,yfinance
2023-09-11,1856.3499755859375,1874.1199951171875,1855.56005859375,1868.510009765625,1868.510009765625,60677400,^TA125.TA,yfinance
2023-09-12,1873.93994140625,1880.3699951171875,1865.18994140625,1872.239990234375,1872.239990234375,53820000,^TA125.TA,yfinance
2023-09-13,1870.3699951171875,1871.7900390625,1856.5,1856.5,1856.5,43238200,^TA125.TA,yfinance
2023-09-14,1861.1500244140625,1865.739990234375,1859.5699462890625,1865.739990234375,1865.739990234375,81884600,^TA125.TA,yfinance
2023-09-18,1859.1199951171875,1869.280029296875,1857.18994140625,1864.8800048828125,1864.8800048828125,45311700,^TA125.TA,yfinance
2023-09-19,1871.8800048828125,1875.81005859375,1861.6199951171875,1861.7900390625,1861.7900390625,58305300,^TA125.TA,yfinance
2023-09-20,1864.469970703125,1886.239990234375,1862.2900390625,1882.8900146484375,1882.8900146484375,50130500,^TA125.TA,yfinance
2023-09-21,1885.5899658203125,1901.489990234375,1875.3499755859375,1882.5999755859375,1882.5999755859375,62838900,^TA125.TA,yfinance
2023-09-26,1872.72998046875,1875.260009765625,1861.1700439453125,1861.68994140625,1861.68994140625,48455100,^TA125.TA,yfinance
2023-09-27,1857.27001953125,1874.1700439453125,1857.27001953125,1870.3199462890625,1870.3199462890625,40176000,^TA125.TA,yfinance
2023-09-28,1862.0,1879.550048828125,1862.0,1874.43994140625,1874.43994140625,80274300,^TA125.TA,yfinance
2023-10-02,1899.6600341796875,1907.0,1898.030029296875,1903.3499755859375,1903.3499755859375,33513100,^TA125.TA,yfinance
2023-10-03,1899.300048828125,1899.300048828125,1884.75,1886.56005859375,1886.56005859375,33852400,^TA125.TA,yfinance
2023-10-04,1862.1700439453125,1868.0799560546875,1855.75,1864.800048828125,1864.800048828125,30408400,^TA125.TA,yfinance
2023-10-05,1861.27001953125,1865.699951171875,1853.1500244140625,1858.97998046875,1858.97998046875,40333900,^TA125.TA,yfinance
2023-10-09,1732.5699462890625,1760.31005859375,1711.4000244140625,1746.9100341796875,1746.9100341796875,133194700,^TA125.TA,yfinance
2023-10-10,1743.8900146484375,1776.760009765625,1743.8900146484375,1771.8299560546875,1771.8299560546875,67472000,^TA125.TA,yfinance
2023-10-11,1771.6600341796875,1787.31005859375,1745.75,1746.3199462890625,1746.3199462890625,70693300,^TA125.TA,yfinance
2023-10-12,1754.5899658203125,1758.8599853515625,1732.6600341796875,1738.4599609375,1738.4599609375,60282500,^TA125.TA,yfinance
2023-10-16,1681.1099853515625,1714.0699462890625,1681.1099853515625,1710.77001953125,1710.77001953125,64525500,^TA125.TA,yfinance
2023-10-17,1717.25,1720.9200439453125,1688.1600341796875,1704.030029296875,1704.030029296875,68498200,^TA125.TA,yfinance
2023-10-18,1703.3699951171875,1713.3800048828125,1686.3599853515625,1713.3800048828125,1713.3800048828125,56121600,^TA125.TA,yfinance
2023-10-19,1703.9200439453125,1717.199951171875,1678.0899658203125,1682.72998046875,1682.72998046875,75514500,^TA125.TA,yfinance
2023-10-23,1647.27001953125,1656.9200439453125,1611.56005859375,1623.3699951171875,1623.3699951171875,93567600,^TA125.TA,yfinance
2023-10-24,1626.8699951171875,1640.5799560546875,1617.1199951171875,1632.719970703125,1632.719970703125,86676600,^TA125.TA,yfinance
2023-10-25,1627.3599853515625,1639.699951171875,1614.699951171875,1627.75,1627.75,76436600,^TA125.TA,yfinance
2023-10-26,1608.7900390625,1620.75,1601.050048828125,1608.4200439453125,1608.4200439453125,116609000,^TA125.TA,yfinance
2023-10-30,1633.5400390625,1657.7099609375,1632.719970703125,1656.9599609375,1656.9599609375,87742200,^TA125.TA,yfinance
2023-10-31,1670.719970703125,1674.27001953125,1647.7900390625,1657.97998046875,1657.97998046875,0,^TA125.TA,yfinance
2023-11-01,1656.68994140625,1680.3499755859375,1649.1500244140625,1669.6300048828125,1669.6300048828125,66401500,^TA125.TA,yfinance
2023-11-02,1681.72998046875,1707.8499755859375,1681.510009765625,1701.6600341796875,1701.6600341796875,516512100,^TA125.TA,yfinance
2023-11-06,1746.3399658203125,1756.6800537109375,1719.81005859375,1722.4100341796875,1722.4100341796875,55547300,^TA125.TA,yfinance
2023-11-07,1735.489990234375,1745.77001953125,1726.2099609375,1745.77001953125,1745.77001953125,49029100,^TA125.TA,yfinance
2023-11-08,1751.8900146484375,1754.3599853515625,1729.3399658203125,1733.7900390625,1733.7900390625,97101400,^TA125.TA,yfinance
2023-11-09,1737.719970703125,1738.030029296875,1718.530029296875,1722.9100341796875,1722.9100341796875,51068500,^TA125.TA,yfinance
2023-11-13,1687.4300537109375,1698.0899658203125,1671.1800537109375,1684.3599853515625,1684.3599853515625,45300200,^TA125.TA,yfinance
2023-11-14,1693.77001953125,1720.6199951171875,1683.8399658203125,1719.1500244140625,1719.1500244140625,56679600,^TA125.TA,yfinance
2023-11-15,1727.5999755859375,1737.1700439453125,1715.68994140625,1723.8499755859375,1723.8499755859375,48015000,^TA125.TA,yfinance
2023-11-16,1723.6700439453125,1746.6199951171875,1720.47998046875,1743.31005859375,1743.31005859375,49516700,^TA125.TA,yfinance
2023-11-20,1739.8399658203125,1757.219970703125,1737.2900390625,1756.0999755859375,1756.0999755859375,42127400,^TA125.TA,yfinance
2023-11-21,1758.8499755859375,1773.300048828125,1757.9200439453125,1767.300048828125,1767.300048828125,51582600,^TA125.TA,yfinance
2023-11-22,1772.56005859375,1811.0699462890625,1772.56005859375,1807.6800537109375,1807.6800537109375,54698400,^TA125.TA,yfinance
2023-11-23,1806.1099853515625,1814.760009765625,1792.3399658203125,1811.4599609375,1811.4599609375,75425700,^TA125.TA,yfinance
2023-11-27,1816.0999755859375,1816.1099853515625,1796.030029296875,1800.219970703125,1800.219970703125,43587600,^TA125.TA,yfinance
2023-11-28,1803.6600341796875,1811.6700439453125,1799.7900390625,1808.739990234375,1808.739990234375,44502000,^TA125.TA,yfinance
2023-11-29,1813.6300048828125,1831.5699462890625,1813.530029296875,1825.030029296875,1825.030029296875,55448100,^TA125.TA,yfinance
2023-11-30,1818.1400146484375,1818.9100341796875,1789.449951171875,1792.6400146484375,1792.6400146484375,85831200,^TA125.TA,yfinance
2023-12-04,1807.0699462890625,1815.780029296875,1799.0699462890625,1810.9200439453125,1810.9200439453125,49701200,^TA125.TA,yfinance
2023-12-05,1814.6500244140625,1832.9000244140625,1814.6500244140625,1832.9000244140625,1832.9000244140625,56737700,^TA125.TA,yfinance
2023-12-06,1839.760009765625,1843.5699462890625,1830.5699462890625,1835.219970703125,1835.219970703125,51760700,^TA125.TA,yfinance
2023-12-07,1830.5799560546875,1831.77001953125,1816.3199462890625,1831.77001953125,1831.77001953125,43246200,^TA125.TA,yfinance
2023-12-11,1827.4599609375,1827.4599609375,1808.81005859375,1811.77001953125,1811.77001953125,46249800,^TA125.TA,yfinance
2023-12-12,1816.77001953125,1817.7900390625,1798.93994140625,1801.300048828125,1801.300048828125,52778200,^TA125.TA,yfinance
2023-12-13,1805.77001953125,1805.77001953125,1791.489990234375,1802.22998046875,1802.22998046875,36016100,^TA125.TA,yfinance
2023-12-14,1829.3699951171875,1850.739990234375,1829.3699951171875,1846.2099609375,1846.2099609375,88538600,^TA125.TA,yfinance
2023-12-18,1846.02001953125,1865.550048828125,1844.9300537109375,1853.7900390625,1853.7900390625,56871600,^TA125.TA,yfinance
2023-12-19,1859.3199462890625,1868.8199462890625,1849.56005859375,1868.8199462890625,1868.8199462890625,54395200,^TA125.TA,yfinance
2023-12-20,1878.0,1895.530029296875,1876.9300537109375,1895.530029296875,1895.530029296875,70553700,^TA125.TA,yfinance
2023-12-21,1884.1400146484375,1886.06005859375,1872.719970703125,1880.3599853515625,1880.3599853515625,39611800,^TA125.TA,yfinance
2023-12-25,1872.699951171875,1885.4300537109375,1872.699951171875,1885.3199462890625,1885.3199462890625,20944500,^TA125.TA,yfinance
2023-12-26,1894.4100341796875,1895.5400390625,1860.1600341796875,1865.81005859375,1865.81005859375,41982700,^TA125.TA,yfinance
2023-12-27,1869.550048828125,1886.5899658203125,1861.9599609375,1883.199951171875,1883.199951171875,42441000,^TA125.TA,yfinance
2023-12-28,1892.8900146484375,1892.8900146484375,1872.4200439453125,1875.760009765625,1875.760009765625,89181400,^TA125.TA,yfinance
2024-01-01,1891.050048828125,1926.3499755859375,1890.5899658203125,1926.3499755859375,1926.3499755859375,45522200,^TA125.TA,yfinance
2024-01-02,1931.4100341796875,1932.1700439453125,1911.6199951171875,1920.27001953125,1920.27001953125,51956100,^TA125.TA,yfinance
2024-01-03,1912.8199462890625,1913.1199951171875,1891.969970703125,1902.2900390625,1902.2900390625,44037600,^TA125.TA,yfinance
2024-01-04,1909.8399658203125,1912.469970703125,1898.75,1912.1300048828125,1912.1300048828125,45854800,^TA125.TA,yfinance
2024-01-08,1898.260009765625,1899.5799560546875,1866.9300537109375,1895.8599853515625,1895.8599853515625,48120200,^TA125.TA,yfinance
2024-01-09,1902.02001953125,1902.9300537109375,1880.239990234375,1887.699951171875,1887.699951171875,38609700,^TA125.TA,yfinance
2024-01-10,1888.0899658203125,1894.260009765625,1874.6300048828125,1880.010009765625,1880.010009765625,39986700,^TA125.TA,yfinance
2024-01-11,1882.81005859375,1899.0400390625,1881.489990234375,1884.5899658203125,1884.5899658203125,39904100,^TA125.TA,yfinance
2024-01-15,1881.449951171875,1883.050048828125,1869.0799560546875,1869.550048828125,1869.550048828125,25533500,^TA125.TA,yfinance
2024-01-16,1862.8599853515625,1865.739990234375,1843.8399658203125,1843.8399658203125,1843.8399658203125,48628600,^TA125.TA,yfinance
2024-01-17,1833.8199462890625,1842.1800537109375,1822.8399658203125,1830.4100341796875,1830.4100341796875,43854800,^TA125.TA,yfinance
2024-01-18,1838.3499755859375,1867.8599853515625,1838.3499755859375,1866.22998046875,1866.22998046875,42874600,^TA125.TA,yfinance
2024-01-22,1867.550048828125,1877.9100341796875,1857.8900146484375,1864.7099609375,1864.7099609375,40997200,^TA125.TA,yfinance
2024-01-23,1856.27001953125,1859.300048828125,1847.2099609375,1852.989990234375,1852.989990234375,45618800,^TA125.TA,yfinance
2024-01-24,1862.0899658203125,1877.18994140625,1857.510009765625,1867.8900146484375,1867.8900146484375,47595900,^TA125.TA,yfinance
2024-01-25,1859.3299560546875,1865.800048828125,1851.4000244140625,1861.5699462890625,1861.5699462890625,87332400,^TA125.TA,yfinance
2024-01-29,1873.969970703125,1894.5,1864.9000244140625,1889.6400146484375,1889.6400146484375,45676500,^TA125.TA,yfinance
2024-01-30,1889.739990234375,1889.739990234375,1870.75,1870.75,1870.75,0,^TA125.TA,yfinance
2024-01-31,1871.0899658203125,1879.739990234375,1861.9200439453125,1861.9200439453125,1861.9200439453125,65353000,^TA125.TA,yfinance
2024-02-01,1855.0899658203125,1864.97998046875,1849.0899658203125,1849.0899658203125,1849.0899658203125,152928900,^TA125.TA,yfinance
2024-02-05,1850.300048828125,1862.4300537109375,1847.7900390625,1847.7900390625,1847.7900390625,54677200,^TA125.TA,yfinance
2024-02-06,1848.3900146484375,1878.9100341796875,1848.3900146484375,1874.8499755859375,1874.8499755859375,81399200,^TA125.TA,yfinance
2024-02-07,1873.8399658203125,1886.6300048828125,1870.9200439453125,1876.6099853515625,1876.6099853515625,53066700,^TA125.TA,yfinance
2024-02-08,1869.27001953125,1876.1400146484375,1862.8399658203125,1865.5899658203125,1865.5899658203125,68261700,^TA125.TA,yfinance
2024-02-12,1859.3599853515625,1875.5699462890625,1859.3599853515625,1875.56005859375,1875.56005859375,42729700,^TA125.TA,yfinance
2024-02-13,1878.4599609375,1891.8900146484375,1877.47998046875,1887.18994140625,1887.18994140625,53931800,^TA125.TA,yfinance
2024-02-14,1882.47998046875,1888.0899658203125,1879.3299560546875,1886.449951171875,1886.449951171875,43187600,^TA125.TA,yfinance
2024-02-15,1895.9300537109375,1900.72998046875,1892.06005859375,1897.8900146484375,1897.8900146484375,46178500,^TA125.TA,yfinance
2024-02-19,1913.699951171875,1933.8699951171875,1913.699951171875,1933.8699951171875,1933.8699951171875,43840400,^TA125.TA,yfinance
2024-02-20,1932.800048828125,1952.010009765625,1923.8699951171875,1933.8399658203125,1933.8399658203125,60744600,^TA125.TA,yfinance
2024-02-21,1933.7900390625,1941.6300048828125,1925.1700439453125,1930.1300048828125,1930.1300048828125,56666600,^TA125.TA,yfinance
2024-02-22,1940.199951171875,1951.4000244140625,1938.8699951171875,1945.489990234375,1945.489990234375,61407900,^TA125.TA,yfinance
2024-02-26,1969.8699951171875,1980.3399658203125,1963.6199951171875,1975.8599853515625,1975.8599853515625,65304500,^TA125.TA,yfinance
2024-02-28,1978.489990234375,1982.6500244140625,1959.969970703125,1964.18994140625,1964.18994140625,47270300,^TA125.TA,yfinance
2024-02-29,1968.010009765625,1986.2900390625,1964.75,1981.1300048828125,1981.1300048828125,74258000,^TA125.TA,yfinance
2024-03-04,1997.6700439453125,2000.300048828125,1990.25,1996.449951171875,1996.449951171875,61739600,^TA125.TA,yfinance
2024-03-05,1992.510009765625,1992.510009765625,1983.0899658203125,1983.219970703125,1983.219970703125,38209500,^TA125.TA,yfinance
2024-03-06,1983.5400390625,1993.800048828125,1979.56005859375,1987.6199951171875,1987.6199951171875,38217600,^TA125.TA,yfinance
2024-03-07,1985.7900390625,1987.77001953125,1968.2099609375,1970.77001953125,1970.77001953125,52204400,^TA125.TA,yfinance
2024-03-11,1949.4300537109375,1958.8399658203125,1935.3699951171875,1944.6400146484375,1944.6400146484375,37603200,^TA125.TA,yfinance
2024-03-12,1945.8699951171875,1949.5999755859375,1923.3399658203125,1933.719970703125,1933.719970703125,58889000,^TA125.TA,yfinance
2024-03-13,1935.1199951171875,1940.77001953125,1926.3199462890625,1934.469970703125,1934.469970703125,59837600,^TA125.TA,yfinance
2024-03-14,1933.02001953125,1943.3800048828125,1915.530029296875,1921.0699462890625,1921.0699462890625,96645100,^TA125.TA,yfinance
2024-03-18,1954.219970703125,1969.9200439453125,1950.0400390625,1969.9200439453125,1969.9200439453125,71988500,^TA125.TA,yfinance
2024-03-19,1976.3900146484375,1981.239990234375,1965.4300537109375,1981.239990234375,1981.239990234375,58504500,^TA125.TA,yfinance
2024-03-20,1986.5400390625,2008.469970703125,1982.489990234375,2008.469970703125,2008.469970703125,53332500,^TA125.TA,yfinance
2024-03-21,2033.3499755859375,2033.3499755859375,2019.02001953125,2024.260009765625,2024.260009765625,62296500,^TA125.TA,yfinance
2024-03-25,2035.5400390625,2040.0400390625,2025.9000244140625,2038.5799560546875,2038.5799560546875,0,^TA125.TA,yfinance
2024-03-26,2037.3399658203125,2044.219970703125,2022.8499755859375,2040.8199462890625,2040.8199462890625,62561500,^TA125.TA,yfinance
2024-03-27,2046.5400390625,2050.219970703125,2029.77001953125,2034.3699951171875,2034.3699951171875,53249900,^TA125.TA,yfinance
2024-03-28,2061.97998046875,2061.97998046875,2027.449951171875,2028.5699462890625,2028.5699462890625,111903300,^TA125.TA,yfinance
2024-04-01,2044.780029296875,2050.02001953125,2036.8699951171875,2039.1300048828125,2039.1300048828125,33183100,^TA125.TA,yfinance
2024-04-02,2030.25,2035.8599853515625,1998.6300048828125,2001.3399658203125,2001.3399658203125,58977000,^TA125.TA,yfinance
2024-04-03,2010.9300537109375,2010.9300537109375,1974.1199951171875,2006.0699462890625,2006.0699462890625,56354900,^TA125.TA,yfinance
2024-04-04,1993.530029296875,1994.800048828125,1963.4000244140625,1978.0699462890625,1978.0699462890625,65950900,^TA125.TA,yfinance
2024-04-08,2010.56005859375,2036.1800537109375,2010.050048828125,2025.72998046875,2025.72998046875,62875700,^TA125.TA,yfinance
2024-04-09,2013.0799560546875,2018.780029296875,1999.9000244140625,2004.7099609375,2004.7099609375,45300400,^TA125.TA,yfinance
2024-04-10,2003.5999755859375,2011.3199462890625,1972.47998046875,1985.5699462890625,1985.5699462890625,49313000,^TA125.TA,yfinance
2024-04-11,1972.31005859375,1976.2099609375,1951.6300048828125,1952.9599609375,1952.9599609375,68829700,^TA125.TA,yfinance
2024-04-15,1979.7099609375,1989.8699951171875,1934.93994140625,1938.6700439453125,1938.6700439453125,54837900,^TA125.TA,yfinance
2024-04-16,1919.1400146484375,1937.050048828125,1917.489990234375,1932.280029296875,1932.280029296875,54866400,^TA125.TA,yfinance
2024-04-17,1933.25,1942.6099853515625,1912.6600341796875,1912.6600341796875,1912.6600341796875,59208600,^TA125.TA,yfinance
2024-04-18,1923.6600341796875,1937.0899658203125,1913.52001953125,1933.97998046875,1933.97998046875,52442400,^TA125.TA,yfinance
2024-04-24,1979.5999755859375,1980.800048828125,1956.2900390625,1962.22998046875,1962.22998046875,53148800,^TA125.TA,yfinance
2024-04-25,1961.1300048828125,1961.300048828125,1944.8800048828125,1948.3599853515625,1948.3599853515625,63952300,^TA125.TA,yfinance
2024-04-30,1973.9300537109375,1979.9100341796875,1962.06005859375,1970.72998046875,1970.72998046875,70184000,^TA125.TA,yfinance
2024-05-01,1961.52001953125,1963.97998046875,1947.800048828125,1955.4000244140625,1955.4000244140625,45833800,^TA125.TA,yfinance
2024-05-02,1966.550048828125,1971.3599853515625,1954.969970703125,1962.1500244140625,1962.1500244140625,260444600,^TA125.TA,yfinance
2024-05-06,1962.9000244140625,1974.3699951171875,1961.3699951171875,1966.8299560546875,1966.8299560546875,48876300,^TA125.TA,yfinance
2024-05-07,1980.9000244140625,1996.8399658203125,1976.52001953125,1996.8399658203125,1996.8399658203125,69771400,^TA125.TA,yfinance
2024-05-08,1996.1800537109375,2006.8399658203125,1985.0899658203125,2006.8399658203125,2006.8399658203125,74526200,^TA125.TA,yfinance
2024-05-09,2009.9200439453125,2024.9300537109375,2007.280029296875,2023.8499755859375,2023.8499755859375,47271300,^TA125.TA,yfinance
2024-05-15,2039.8900146484375,2043.2099609375,2026.5799560546875,2033.3699951171875,2033.3699951171875,68998800,^TA125.TA,yfinance
2024-05-16,2031.3800048828125,2031.780029296875,1994.8499755859375,1997.0,1997.0,75084800,^TA125.TA,yfinance
2024-05-20,1979.1099853515625,1990.239990234375,1961.1800537109375,1986.6300048828125,1986.6300048828125,63619700,^TA125.TA,yfinance
2024-05-21,2000.8399658203125,2001.1600341796875,1968.969970703125,1975.5699462890625,1975.5699462890625,70324700,^TA125.TA,yfinance
2024-05-22,1977.0,1981.719970703125,1962.3499755859375,1967.510009765625,1967.510009765625,56242100,^TA125.TA,yfinance
2024-05-23,1976.719970703125,1977.72998046875,1958.1700439453125,1961.4100341796875,1961.4100341796875,76493200,^TA125.TA,yfinance
2024-05-27,1968.5899658203125,1975.489990234375,1964.7099609375,1967.52001953125,1967.52001953125,42750300,^TA125.TA,yfinance
2024-05-28,1972.3499755859375,1985.1800537109375,1967.9000244140625,1985.1800537109375,1985.1800537109375,62247400,^TA125.TA,yfinance
2024-05-29,1984.969970703125,1991.27001953125,1983.22998046875,1989.8599853515625,1989.8599853515625,63614700,^TA125.TA,yfinance
2024-05-30,1973.5400390625,1993.4300537109375,1969.989990234375,1993.4300537109375,1993.4300537109375,123567800,^TA125.TA,yfinance
2024-06-03,1989.7900390625,2012.68994140625,1975.7900390625,2004.280029296875,2004.280029296875,105641300,^TA125.TA,yfinance
2024-06-04,1999.489990234375,1999.489990234375,1974.7099609375,1994.2099609375,1994.2099609375,49723600,^TA125.TA,yfinance
2024-06-05,1993.4200439453125,1996.0999755859375,1955.719970703125,1963.43994140625,1963.43994140625,61348000,^TA125.TA,yfinance
2024-06-06,1952.0,1959.81005859375,1928.9300537109375,1943.93994140625,1943.93994140625,96389100,^TA125.TA,yfinance
2024-06-10,1943.06005859375,1959.530029296875,1943.06005859375,1959.1700439453125,1959.1700439453125,62722200,^TA125.TA,yfinance
2024-06-13,1967.5400390625,1971.8900146484375,1953.8699951171875,1966.260009765625,1966.260009765625,66399600,^TA125.TA,yfinance
2024-06-17,1950.56005859375,1979.1300048828125,1947.449951171875,1978.1500244140625,1978.1500244140625,47745700,^TA125.TA,yfinance
2024-06-18,1989.010009765625,1990.2900390625,1966.469970703125,1973.9100341796875,1973.9100341796875,42691800,^TA125.TA,yfinance
2024-06-19,1975.0400390625,1984.72998046875,1970.31005859375,1973.5999755859375,1973.5999755859375,44211100,^TA125.TA,yfinance
2024-06-20,1975.77001953125,1976.5699462890625,1935.8499755859375,1938.0799560546875,1938.0799560546875,77979700,^TA125.TA,yfinance
2024-06-24,1930.27001953125,1945.93994140625,1920.800048828125,1925.1500244140625,1925.1500244140625,49387900,^TA125.TA,yfinance
2024-06-25,1919.760009765625,1953.4100341796875,1918.3699951171875,1941.2099609375,1941.2099609375,51074200,^TA125.TA,yfinance
2024-06-26,1946.43994140625,1962.5899658203125,1943.469970703125,1962.5899658203125,1962.5899658203125,68966400,^TA125.TA,yfinance
2024-06-27,1937.1700439453125,1947.47998046875,1929.9300537109375,1947.47998046875,1947.47998046875,79171600,^TA125.TA,yfinance
2024-07-01,1956.0699462890625,1962.56005859375,1938.1099853515625,1940.199951171875,1940.199951171875,0,^TA125.TA,yfinance
2024-07-02,1930.3699951171875,1949.1500244140625,1930.3699951171875,1949.1500244140625,1949.1500244140625,42466300,^TA125.TA,yfinance
2024-07-03,1956.9599609375,1964.1300048828125,1940.5699462890625,1961.43994140625,1961.43994140625,46075600,^TA125.TA,yfinance
2024-07-04,1970.1400146484375,1998.6700439453125,1970.1400146484375,1992.510009765625,1992.510009765625,55122800,^TA125.TA,yfinance
2024-07-08,2038.0899658203125,2039.06005859375,2015.6300048828125,2026.989990234375,2026.989990234375,43167200,^TA125.TA,yfinance
2024-07-09,2020.300048828125,2048.219970703125,2019.280029296875,2038.469970703125,2038.469970703125,60870100,^TA125.TA,yfinance
2024-07-10,2036.0400390625,2036.1099853515625,2023.3699951171875,2026.1199951171875,2026.1199951171875,39867200,^TA125.TA,yfinance
2024-07-11,2052.239990234375,2059.030029296875,2044.1199951171875,2057.239990234375,2057.239990234375,66390300,^TA125.TA,yfinance
2024-07-15,2062.25,2066.489990234375,2054.239990234375,2063.06005859375,2063.06005859375,45109300,^TA125.TA,yfinance
2024-07-16,2054.72998046875,2066.39990234375,2053.530029296875,2064.800048828125,2064.800048828125,40754000,^TA125.TA,yfinance
2024-07-17,2058.580078125,2060.2900390625,2046.1400146484375,2053.6298828125,2053.6298828125,34112400,^TA125.TA,yfinance
2024-07-18,2046.3800048828125,2051.070068359375,2040.5899658203125,2045.3299560546875,2045.3299560546875,50475800,^TA125.TA,yfinance
2024-07-22,2035.6600341796875,2042.9100341796875,2029.7900390625,2039.25,2039.25,45209900,^TA125.TA,yfinance
2024-07-23,2045.1099853515625,2069.4599609375,2044.8599853515625,2064.56005859375,2064.56005859375,50022500,^TA125.TA,yfinance
2024-07-24,2060.9599609375,2078.5,2059.760009765625,2063.590087890625,2063.590087890625,57478100,^TA125.TA,yfinance
2024-07-25,2049.0400390625,2057.679931640625,2043.6199951171875,2049.989990234375,2049.989990234375,78330900,^TA125.TA,yfinance
2024-07-29,2015.0,2021.06005859375,2005.4100341796875,2011.3399658203125,2011.3399658203125,44828500,^TA125.TA,yfinance
2024-07-30,2008.719970703125,2013.0999755859375,1991.3699951171875,1994.3399658203125,1994.3399658203125,49636800,^TA125.TA,yfinance
2024-07-31,1980.4599609375,2007.6199951171875,1979.47998046875,1998.02001953125,1998.02001953125,60511800,^TA125.TA,yfinance
2024-08-01,1986.7900390625,1996.6099853515625,1966.43994140625,1967.27001953125,1967.27001953125,180749700,^TA125.TA,yfinance
2024-08-05,1872.0799560546875,1906.5899658203125,1864.030029296875,1906.27001953125,1906.27001953125,68000200,^TA125.TA,yfinance
2024-08-06,1939.1199951171875,1941.030029296875,1913.9000244140625,1935.800048828125,1935.800048828125,52070100,^TA125.TA,yfinance
2024-08-07,1945.280029296875,1972.550048828125,1945.280029296875,1970.260009765625,1970.260009765625,59348000,^TA125.TA,yfinance
2024-08-08,1963.469970703125,2001.2099609375,1962.6300048828125,1996.010009765625,1996.010009765625,56927600,^TA125.TA,yfinance
2024-08-12,1989.3900146484375,1989.97998046875,1969.0,1972.739990234375,1972.739990234375,56155800,^TA125.TA,yfinance
2024-08-14,1993.199951171875,2008.510009765625,1990.3599853515625,2007.8900146484375,2007.8900146484375,56902000,^TA125.TA,yfinance
2024-08-15,2012.2900390625,2041.3299560546875,2012.2900390625,2039.199951171875,2039.199951171875,54150200,^TA125.TA,yfinance
2024-08-19,2041.18994140625,2044.6700439453125,2024.280029296875,2041.489990234375,2041.489990234375,48866600,^TA125.TA,yfinance
2024-08-20,2051.8701171875,2061.260009765625,2041.3800048828125,2043.6500244140625,2043.6500244140625,52182900,^TA125.TA,yfinance
2024-08-21,2036.1500244140625,2036.550048828125,2011.6600341796875,2029.030029296875,2029.030029296875,52311000,^TA125.TA,yfinance
2024-08-22,2027.510009765625,2043.31005859375,2025.5899658203125,2032.7099609375,2032.7099609375,46298000,^TA125.TA,yfinance
2024-08-26,2075.6201171875,2095.39990234375,2064.6298828125,2065.47998046875,2065.47998046875,58140200,^TA125.TA,yfinance
2024-08-27,2074.56005859375,2083.2900390625,2061.590087890625,2064.18994140625,2064.18994140625,53609700,^TA125.TA,yfinance
2024-08-28,2071.429931640625,2081.169921875,2071.090087890625,2080.179931640625,2080.179931640625,42021400,^TA125.TA,yfinance
2024-08-29,2071.550048828125,2081.860107421875,2069.780029296875,2081.679931640625,2081.679931640625,78837000,^TA125.TA,yfinance
2024-09-02,2064.949951171875,2083.860107421875,2062.0400390625,2083.860107421875,2083.860107421875,37598900,^TA125.TA,yfinance
2024-09-03,2083.8798828125,2083.8798828125,2054.739990234375,2057.080078125,2057.080078125,42206600,^TA125.TA,yfinance
2024-09-04,2042.4599609375,2047.0699462890625,2031.989990234375,2045.5999755859375,2045.5999755859375,38650700,^TA125.TA,yfinance
2024-09-05,2048.530029296875,2072.7099609375,2048.080078125,2072.7099609375,2072.7099609375,56740200,^TA125.TA,yfinance
2024-09-09,2044.5799560546875,2050.06005859375,2023.469970703125,2033.97998046875,2033.97998046875,51466800,^TA125.TA,yfinance
2024-09-10,2030.1300048828125,2041.0699462890625,2028.489990234375,2031.0699462890625,2031.0699462890625,45925700,^TA125.TA,yfinance
2024-09-11,2030.1700439453125,2040.97998046875,2021.800048828125,2033.280029296875,2033.280029296875,47872400,^TA125.TA,yfinance
2024-09-12,2054.64990234375,2058.739990234375,2047.3199462890625,2053.530029296875,2053.530029296875,49706300,^TA125.TA,yfinance
2024-09-16,2043.6700439453125,2050.3701171875,2013.4300537109375,2015.199951171875,2015.199951171875,60299400,^TA125.TA,yfinance
2024-09-17,2003.699951171875,2016.06005859375,1977.1099853515625,1987.8900146484375,1987.8900146484375,84483600,^TA125.TA,yfinance
2024-09-18,1999.280029296875,2005.969970703125,1995.02001953125,1998.3900146484375,1998.3900146484375,45921000,^TA125.TA,yfinance
2024-09-19,2005.3699951171875,2013.5699462890625,1981.1300048828125,1982.8900146484375,1982.8900146484375,93478200,^TA125.TA,yfinance
2024-09-23,2010.7900390625,2020.1800537109375,2008.1400146484375,2017.6500244140625,2017.6500244140625,51694800,^TA125.TA,yfinance
2024-09-24,2027.280029296875,2051.97998046875,2022.219970703125,2042.2900390625,2042.2900390625,68826000,^TA125.TA,yfinance
2024-09-25,2043.8900146484375,2063.830078125,2040.5799560546875,2060.340087890625,2060.340087890625,54226100,^TA125.TA,yfinance
2024-09-26,2099.409912109375,2099.550048828125,2074.610107421875,2091.27001953125,2091.27001953125,124151000,^TA125.TA,yfinance
2024-09-30,2112.820068359375,2118.449951171875,2090.989990234375,2118.449951171875,2118.449951171875,69943900,^TA125.TA,yfinance
2024-10-01,2118.889892578125,2135.389892578125,2089.469970703125,2092.429931640625,2092.429931640625,72306800,^TA125.TA,yfinance
2024-10-07,2092.489990234375,2100.159912109375,2080.81005859375,2090.300048828125,2090.300048828125,53182400,^TA125.TA,yfinance
2024-10-08,2090.929931640625,2098.0,2084.22998046875,2092.389892578125,2092.389892578125,55399800,^TA125.TA,yfinance
2024-10-09,2098.2099609375,2108.429931640625,2097.070068359375,2107.159912109375,2107.159912109375,53180000,^TA125.TA,yfinance
2024-10-10,2115.85009765625,2115.969970703125,2083.739990234375,2086.89990234375,2086.89990234375,58579900,^TA125.TA,yfinance
2024-10-14,2101.360107421875,2120.72998046875,2101.219970703125,2116.699951171875,2116.699951171875,43568300,^TA125.TA,yfinance
2024-10-15,2126.9599609375,2137.550048828125,2112.610107421875,2131.199951171875,2131.199951171875,58165900,^TA125.TA,yfinance
2024-10-21,2172.739990234375,2178.139892578125,2162.330078125,2172.2900390625,2172.2900390625,56409100,^TA125.TA,yfinance
2024-10-22,2174.469970703125,2174.469970703125,2150.0,2152.969970703125,2152.969970703125,53755800,^TA125.TA,yfinance
2024-10-28,2172.8701171875,2175.570068359375,2162.090087890625,2173.010009765625,2173.010009765625,57124300,^TA125.TA,yfinance
2024-10-29,2168.139892578125,2190.6201171875,2168.139892578125,2190.6201171875,2190.6201171875,77093100,^TA125.TA,yfinance
2024-10-30,2195.530029296875,2224.2099609375,2187.10009765625,2224.2099609375,2224.2099609375,117993100,^TA125.TA,yfinance
2024-10-31,2214.919921875,2231.449951171875,2202.320068359375,2213.639892578125,2213.639892578125,80610400,^TA125.TA,yfinance
2024-11-04,2217.659912109375,2217.659912109375,2197.070068359375,2212.449951171875,2212.449951171875,54630100,^TA125.TA,yfinance
2024-11-05,2215.25,2223.159912109375,2210.300048828125,2222.5400390625,2222.5400390625,57939700,^TA125.TA,yfinance
2024-11-06,2238.139892578125,2244.340087890625,2217.02001953125,2229.489990234375,2229.489990234375,77497100,^TA125.TA,yfinance
2024-11-07,2230.070068359375,2239.7099609375,2221.199951171875,2231.659912109375,2231.659912109375,110227400,^TA125.TA,yfinance
2024-11-11,2291.77001953125,2293.68994140625,2271.550048828125,2276.22998046875,2276.22998046875,84179700,^TA125.TA,yfinance
2024-11-12,2270.090087890625,2303.68994140625,2269.56005859375,2295.889892578125,2295.889892578125,79274900,^TA125.TA,yfinance
2024-11-13,2291.429931640625,2312.43994140625,2287.260009765625,2305.18994140625,2305.18994140625,79944500,^TA125.TA,yfinance
2024-11-14,2295.43994140625,2315.669921875,2276.389892578125,2280.93994140625,2280.93994140625,68710100,^TA125.TA,yfinance
2024-11-18,2285.169921875,2287.929931640625,2271.8701171875,2274.1201171875,2274.1201171875,74252500,^TA125.TA,yfinance
2024-11-19,2290.6201171875,2292.8798828125,2258.75,2280.169921875,2280.169921875,92955800,^TA125.TA,yfinance
2024-11-20,2293.47998046875,2297.7099609375,2274.47998046875,2274.75,2274.75,67602000,^TA125.TA,yfinance
2024-11-21,2267.110107421875,2283.719970703125,2261.889892578125,2281.510009765625,2281.510009765625,65951000,^TA125.TA,yfinance
2024-11-25,2317.780029296875,2329.090087890625,2307.050048828125,2309.090087890625,2309.090087890625,101448300,^TA125.TA,yfinance
2024-11-26,2305.530029296875,2328.840087890625,2304.820068359375,2328.840087890625,2328.840087890625,89429800,^TA125.TA,yfinance
2024-11-27,2331.64990234375,2337.02001953125,2297.179931640625,2306.52001953125,2306.52001953125,67262800,^TA125.TA,yfinance
2024-11-28,2293.14990234375,2312.0,2289.679931640625,2294.820068359375,2294.820068359375,127249500,^TA125.TA,yfinance
2024-12-02,2334.97998046875,2343.72998046875,2320.52001953125,2329.4599609375,2329.4599609375,52295500,^TA125.TA,yfinance
2024-12-03,2327.760009765625,2357.8798828125,2327.760009765625,2357.8798828125,2357.8798828125,58820900,^TA125.TA,yfinance
2024-12-04,2364.85009765625,2368.919921875,2352.699951171875,2364.610107421875,2364.610107421875,60502900,^TA125.TA,yfinance
2024-12-05,2367.7099609375,2371.239990234375,2353.760009765625,2363.75,2363.75,60640900,^TA125.TA,yfinance
2024-12-09,2388.159912109375,2408.280029296875,2379.77001953125,2405.110107421875,2405.110107421875,70562600,^TA125.TA,yfinance
2024-12-10,2407.5400390625,2412.550048828125,2392.60009765625,2397.080078125,2397.080078125,53239800,^TA125.TA,yfinance
2024-12-11,2397.02001953125,2405.050048828125,2382.090087890625,2383.580078125,2383.580078125,62956300,^TA125.TA,yfinance
2024-12-12,2384.590087890625,2392.2900390625,2375.5,2378.669921875,2378.669921875,54830900,^TA125.TA,yfinance
2024-12-16,2363.72998046875,2391.5,2356.1298828125,2390.56005859375,2390.56005859375,54868600,^TA125.TA,yfinance
2024-12-17,2381.409912109375,2413.280029296875,2381.25,2410.219970703125,2410.219970703125,60653700,^TA125.TA,yfinance
2024-12-18,2417.219970703125,2423.340087890625,2408.659912109375,2423.340087890625,2423.340087890625,51656100,^TA125.TA,yfinance
2024-12-19,2398.340087890625,2403.6201171875,2389.570068359375,2399.669921875,2399.669921875,78838400,^TA125.TA,yfinance
2024-12-23,2429.429931640625,2432.760009765625,2418.35009765625,2422.7099609375,2422.7099609375,58503000,^TA125.TA,yfinance
2024-12-24,2426.35009765625,2436.97998046875,2426.35009765625,2434.010009765625,2434.010009765625,36107300,^TA125.TA,yfinance
2024-12-25,2434.64990234375,2441.780029296875,2418.77001953125,2423.2900390625,2423.2900390625,26189100,^TA125.TA,yfinance
2024-12-26,2401.909912109375,2412.81005859375,2395.89990234375,2406.760009765625,2406.760009765625,77239800,^TA125.TA,yfinance
2024-12-30,2394.43994140625,2409.760009765625,2388.85009765625,2393.010009765625,2393.010009765625,58652900,^TA125.TA,yfinance
2024-12-31,2399.610107421875,2431.360107421875,2399.610107421875,2426.830078125,2426.830078125,54078100,^TA125.TA,yfinance
2025-01-01,2424.659912109375,2439.219970703125,2421.830078125,2439.219970703125,2439.219970703125,27850000,^TA125.TA,yfinance
2025-01-02,2443.449951171875,2455.110107421875,2436.719970703125,2452.889892578125,2452.889892578125,46753500,^TA125.TA,yfinance
2025-01-06,2478.909912109375,2500.969970703125,2477.929931640625,2500.969970703125,2500.969970703125,67561900,^TA125.TA,yfinance
2025-01-07,2503.449951171875,2509.4599609375,2494.840087890625,2500.72998046875,2500.72998046875,62718400,^TA125.TA,yfinance
2025-01-08,2499.7900390625,2500.739990234375,2474.139892578125,2480.6201171875,2480.6201171875,51850700,^TA125.TA,yfinance
2025-01-09,2487.2099609375,2494.080078125,2478.010009765625,2488.360107421875,2488.360107421875,81325600,^TA125.TA,yfinance
2025-01-13,2494.0400390625,2508.780029296875,2479.030029296875,2490.8701171875,2490.8701171875,81141800,^TA125.TA,yfinance
2025-01-14,2508.590087890625,2526.659912109375,2503.050048828125,2526.659912109375,2526.659912109375,71584000,^TA125.TA,yfinance
2025-01-15,2527.06005859375,2558.580078125,2518.280029296875,2558.580078125,2558.580078125,58521700,^TA125.TA,yfinance
2025-01-16,2567.219970703125,2574.389892578125,2556.39990234375,2567.070068359375,2567.070068359375,74837100,^TA125.TA,yfinance
2025-01-20,2592.93994140625,2595.56005859375,2568.080078125,2593.8798828125,2593.8798828125,58791000,^TA125.TA,yfinance
2025-01-21,2588.360107421875,2604.760009765625,2585.409912109375,2592.85009765625,2592.85009765625,44019400,^TA125.TA,yfinance
2025-01-22,2596.739990234375,2596.739990234375,2568.1201171875,2574.739990234375,2574.739990234375,48768200,^TA125.TA,yfinance
2025-01-23,2577.860107421875,2578.389892578125,2553.169921875,2557.89990234375,2557.89990234375,97453300,^TA125.TA,yfinance
2025-01-27,2529.820068359375,2530.570068359375,2494.340087890625,2502.989990234375,2502.989990234375,55929500,^TA125.TA,yfinance
2025-01-28,2504.97998046875,2515.090087890625,2489.97998046875,2506.25,2506.25,67415600,^TA125.TA,yfinance
2025-01-29,2516.679931640625,2533.090087890625,2513.14990234375,2519.4599609375,2519.4599609375,53470800,^TA125.TA,yfinance
2025-01-30,2502.7900390625,2515.64990234375,2492.719970703125,2500.60009765625,2500.60009765625,83259300,^TA125.TA,yfinance
2025-02-03,2486.47998046875,2501.860107421875,2478.25,2501.860107421875,2501.860107421875,56157200,^TA125.TA,yfinance
2025-02-04,2517.419921875,2537.97998046875,2512.47998046875,2537.97998046875,2537.97998046875,60457800,^TA125.TA,yfinance
2025-02-05,2542.830078125,2584.669921875,2542.510009765625,2578.300048828125,2578.300048828125,76382500,^TA125.TA,yfinance
2025-02-06,2576.760009765625,2585.070068359375,2569.669921875,2573.4599609375,2573.4599609375,213380900,^TA125.TA,yfinance
2025-02-10,2567.10009765625,2588.35009765625,2562.5,2588.35009765625,2588.35009765625,50682400,^TA125.TA,yfinance
2025-02-11,2578.1201171875,2579.389892578125,2562.9599609375,2568.449951171875,2568.449951171875,46343900,^TA125.TA,yfinance
2025-02-12,2565.5,2567.330078125,2515.340087890625,2530.300048828125,2530.300048828125,44139900,^TA125.TA,yfinance
2025-02-13,2528.2900390625,2574.10009765625,2528.2900390625,2574.10009765625,2574.10009765625,71327200,^TA125.TA,yfinance
2025-02-17,2586.3798828125,2593.889892578125,2560.639892578125,2571.2099609375,2571.2099609375,40319400,^TA125.TA,yfinance
2025-02-18,2576.419921875,2610.830078125,2575.52001953125,2609.68994140625,2609.68994140625,65269300,^TA125.TA,yfinance
2025-02-19,2610.830078125,2619.6201171875,2599.419921875,2602.6298828125,2602.6298828125,46584800,^TA125.TA,yfinance
2025-02-20,2604.449951171875,2610.27001953125,2583.780029296875,2588.39990234375,2588.39990234375,61272000,^TA125.TA,yfinance
2025-02-24,2561.7099609375,2562.239990234375,2530.300048828125,2538.219970703125,2538.219970703125,52937300,^TA125.TA,yfinance
2025-02-25,2534.929931640625,2554.10009765625,2531.719970703125,2531.949951171875,2531.949951171875,56220000,^TA125.TA,yfinance
2025-02-26,2544.52001953125,2554.919921875,2529.89990234375,2542.5,2542.5,42267800,^TA125.TA,yfinance
2025-02-27,2544.780029296875,2549.449951171875,2532.68994140625,2542.52001953125,2542.52001953125,99532700,^TA125.TA,yfinance
2025-03-03,2537.2099609375,2575.510009765625,2537.090087890625,2564.9599609375,2564.9599609375,61035900,^TA125.TA,yfinance
2025-03-04,2550.659912109375,2562.0400390625,2509.840087890625,2511.139892578125,2511.139892578125,68792300,^TA125.TA,yfinance
2025-03-05,2525.449951171875,2541.64990234375,2522.81005859375,2535.550048828125,2535.550048828125,43260200,^TA125.TA,yfinance
2025-03-06,2534.35009765625,2535.280029296875,2506.7900390625,2519.610107421875,2519.610107421875,50323300,^TA125.TA,yfinance
2025-03-10,2545.679931640625,2550.56005859375,2520.659912109375,2527.22998046875,2527.22998046875,61889500,^TA125.TA,yfinance
2025-03-11,2515.330078125,2516.739990234375,2481.429931640625,2516.739990234375,2516.739990234375,69203500,^TA125.TA,yfinance
2025-03-12,2524.080078125,2561.550048828125,2523.18994140625,2554.780029296875,2554.780029296875,65842900,^TA125.TA,yfinance
2025-03-13,2560.340087890625,2574.5400390625,2556.330078125,2568.580078125,2568.580078125,60657000,^TA125.TA,yfinance
2025-03-17,2591.169921875,2599.72998046875,2582.639892578125,2591.610107421875,2591.610107421875,59025800,^TA125.TA,yfinance
2025-03-18,2593.260009765625,2593.260009765625,2554.3701171875,2564.47998046875,2564.47998046875,96258000,^TA125.TA,yfinance
2025-03-19,2563.800048828125,2567.159912109375,2522.800048828125,2540.56005859375,2540.56005859375,66469400,^TA125.TA,yfinance
2025-03-20,2549.56005859375,2553.0,2503.090087890625,2531.3701171875,2531.3701171875,101187700,^TA125.TA,yfinance
2025-03-24,2457.669921875,2486.14990234375,2454.919921875,2486.14990234375,2486.14990234375,74085300,^TA125.TA,yfinance
2025-03-25,2485.5400390625,2497.110107421875,2471.969970703125,2495.47998046875,2495.47998046875,62645400,^TA125.TA,yfinance
2025-03-26,2502.840087890625,2503.35009765625,2452.530029296875,2463.419921875,2463.419921875,45574300,^TA125.TA,yfinance
2025-03-27,2452.840087890625,2490.169921875,2439.570068359375,2490.169921875,2490.169921875,109895700,^TA125.TA,yfinance
2025-03-31,2441.199951171875,2454.5,2422.010009765625,2446.4599609375,2446.4599609375,56365500,^TA125.TA,yfinance
2025-04-01,2462.820068359375,2473.39990234375,2452.139892578125,2462.43994140625,2462.43994140625,50146100,^TA125.TA,yfinance
2025-04-02,2468.409912109375,2502.679931640625,2468.409912109375,2502.679931640625,2502.679931640625,38498000,^TA125.TA,yfinance
2025-04-03,2468.260009765625,2503.159912109375,2460.31005859375,2481.330078125,2481.330078125,62317700,^TA125.TA,yfinance
2025-04-07,2332.919921875,2420.14990234375,2306.590087890625,2406.070068359375,2406.070068359375,91136400,^TA125.TA,yfinance
2025-04-08,2421.179931640625,2447.6201171875,2407.510009765625,2444.6298828125,2444.6298828125,63282900,^TA125.TA,yfinance
2025-04-09,2410.27001953125,2425.81005859375,2379.080078125,2403.989990234375,2403.989990234375,67401200,^TA125.TA,yfinance
2025-04-10,2485.409912109375,2495.260009765625,2444.580078125,2455.1201171875,2455.1201171875,53485500,^TA125.TA,yfinance
2025-04-14,2486.489990234375,2511.429931640625,2486.449951171875,2511.429931640625,2511.429931640625,27729200,^TA125.TA,yfinance
2025-04-15,2511.949951171875,2525.449951171875,2507.219970703125,2525.449951171875,2525.449951171875,34918300,^TA125.TA,yfinance
2025-04-16,2510.6201171875,2536.449951171875,2502.159912109375,2535.330078125,2535.330078125,27147400,^TA125.TA,yfinance
2025-04-17,2537.3701171875,2544.93994140625,2529.5400390625,2536.429931640625,2536.429931640625,31896600,^TA125.TA,yfinance
2025-04-21,2531.06005859375,2531.06005859375,2499.530029296875,2499.719970703125,2499.719970703125,31612700,^TA125.TA,yfinance
2025-04-22,2503.219970703125,2510.93994140625,2494.39990234375,2509.330078125,2509.330078125,70225300,^TA125.TA,yfinance
2025-04-23,2532.360107421875,2561.449951171875,2532.360107421875,2552.260009765625,2552.260009765625,61247200,^TA125.TA,yfinance
2025-04-24,2552.409912109375,2553.280029296875,2534.659912109375,2553.280029296875,2553.280029296875,59538800,^TA125.TA,yfinance
2025-04-28,2560.60009765625,2561.89990234375,2544.47998046875,2548.85009765625,2548.85009765625,49465900,^TA125.TA,yfinance
2025-04-29,2550.2099609375,2559.530029296875,2539.570068359375,2557.2099609375,2557.2099609375,57038000,^TA125.TA,yfinance
2025-05-05,2555.110107421875,2587.31005859375,2551.070068359375,2587.31005859375,2587.31005859375,68642600,^TA125.TA,yfinance
2025-05-06,2587.18994140625,2611.139892578125,2584.679931640625,2601.110107421875,2601.110107421875,449790900,^TA125.TA,yfinance
2025-05-07,2601.2900390625,2641.719970703125,2600.340087890625,2641.719970703125,2641.719970703125,91809700,^TA125.TA,yfinance
2025-05-08,2665.510009765625,2680.699951171875,2656.81005859375,2669.5400390625,2669.5400390625,65815000,^TA125.TA,yfinance
2025-05-12,2697.81005859375,2703.60009765625,2654.639892578125,2664.31005859375,2664.31005859375,71930300,^TA125.TA,yfinance
2025-05-13,2653.0400390625,2664.75,2637.5400390625,2664.75,2664.75,52046700,^TA125.TA,yfinance
2025-05-14,2669.080078125,2692.6298828125,2661.97998046875,2683.72998046875,2683.72998046875,67586600,^TA125.TA,yfinance
2025-05-15,2668.6298828125,2689.469970703125,2668.6298828125,2678.10009765625,2678.10009765625,45972400,^TA125.TA,yfinance
2025-05-19,2696.1298828125,2702.18994140625,2682.780029296875,2694.719970703125,2694.719970703125,43329600,^TA125.TA,yfinance
2025-05-20,2691.02001953125,2706.909912109375,2679.840087890625,2684.199951171875,2684.199951171875,59993500,^TA125.TA,yfinance
2025-05-21,2671.93994140625,2674.550048828125,2643.239990234375,2661.080078125,2661.080078125,59246500,^TA125.TA,yfinance
2025-05-22,2646.800048828125,2653.14990234375,2622.81005859375,2625.659912109375,2625.659912109375,44236400,^TA125.TA,yfinance
2025-05-26,2652.669921875,2700.7099609375,2652.669921875,2685.0,2685.0,57284000,^TA125.TA,yfinance
2025-05-27,2679.989990234375,2695.070068359375,2675.159912109375,2695.070068359375,2695.070068359375,43151500,^TA125.TA,yfinance
2025-05-28,2700.25,2720.530029296875,2691.719970703125,2710.409912109375,2710.409912109375,41376900,^TA125.TA,yfinance
2025-05-29,2758.340087890625,2761.1201171875,2715.81005859375,2724.719970703125,2724.719970703125,138224000,^TA125.TA,yfinance
2025-06-03,2732.5400390625,2743.760009765625,2725.090087890625,2729.10009765625,2729.10009765625,50666100,^TA125.TA,yfinance
2025-06-04,2737.610107421875,2743.7099609375,2712.159912109375,2723.300048828125,2723.300048828125,47909900,^TA125.TA,yfinance
2025-06-05,2734.659912109375,2753.679931640625,2691.81005859375,2753.3798828125,2753.3798828125,58036900,^TA125.TA,yfinance
2025-06-09,2752.090087890625,2757.81005859375,2734.75,2746.469970703125,2746.469970703125,35886900,^TA125.TA,yfinance
2025-06-10,2743.449951171875,2746.080078125,2728.989990234375,2742.469970703125,2742.469970703125,45149000,^TA125.TA,yfinance
2025-06-11,2738.02001953125,2754.39990234375,2729.93994140625,2754.39990234375,2754.39990234375,41467800,^TA125.TA,yfinance
2025-06-12,2708.3798828125,2719.31005859375,2680.139892578125,2705.8798828125,2705.8798828125,70868300,^TA125.TA,yfinance
2025-06-16,2720.919921875,2790.070068359375,2720.919921875,2720.919921875,2720.919921875,55798600,^TA125.TA,yfinance
2025-06-17,2792.110107421875,2824.530029296875,2787.389892578125,2795.14990234375,2795.14990234375,83994400,^TA125.TA,yfinance
2025-06-18,2803.340087890625,2840.409912109375,2791.2099609375,2840.409912109375,2840.409912109375,74861400,^TA125.TA,yfinance
2025-06-19,2829.6298828125,2882.199951171875,2829.6298828125,2868.81005859375,2868.81005859375,114438200,^TA125.TA,yfinance
2025-06-23,2916.4599609375,2917.77001953125,2876.489990234375,2881.010009765625,2881.010009765625,59993600,^TA125.TA,yfinance
2025-06-24,2908.510009765625,2933.320068359375,2904.169921875,2919.919921875,2919.919921875,105930700,^TA125.TA,yfinance
2025-06-25,2921.93994140625,2979.300048828125,2911.679931640625,2972.340087890625,2972.340087890625,74386900,^TA125.TA,yfinance
2025-06-26,2945.47998046875,2976.340087890625,2938.27001953125,2952.409912109375,2952.409912109375,118341400,^TA125.TA,yfinance
2025-06-30,3015.52001953125,3022.5,3000.8701171875,3022.5,3022.5,83223200,^TA125.TA,yfinance
2025-07-01,3020.679931640625,3053.56005859375,3013.0400390625,3025.030029296875,3025.030029296875,85811400,^TA125.TA,yfinance
2025-07-02,3030.929931640625,3079.4599609375,3030.280029296875,3078.7099609375,3078.7099609375,80689600,^TA125.TA,yfinance
2025-07-03,3095.760009765625,3128.639892578125,3088.449951171875,3097.31005859375,3097.31005859375,81639000,^TA125.TA,yfinance
2025-07-07,3110.389892578125,3125.22998046875,3084.6201171875,3090.010009765625,3090.010009765625,70060400,^TA125.TA,yfinance
2025-07-08,3087.31005859375,3089.050048828125,3047.699951171875,3075.77001953125,3075.77001953125,76538600,^TA125.TA,yfinance
2025-07-09,3078.469970703125,3130.860107421875,3078.469970703125,3126.85009765625,3126.85009765625,81800600,^TA125.TA,yfinance
2025-07-10,3125.330078125,3138.179931640625,3114.5,3120.72998046875,3120.72998046875,69194400,^TA125.TA,yfinance
2025-07-14,3048.739990234375,3056.3701171875,3024.0400390625,3054.89990234375,3054.89990234375,60535600,^TA125.TA,yfinance
2025-07-15,3047.1201171875,3088.2900390625,3046.6298828125,3073.6201171875,3073.6201171875,67051300,^TA125.TA,yfinance
2025-07-16,3060.75,3090.030029296875,3057.72998046875,3062.669921875,3062.669921875,48149600,^TA125.TA,yfinance
2025-07-17,3076.35009765625,3098.949951171875,3076.35009765625,3086.580078125,3086.580078125,53252300,^TA125.TA,yfinance
2025-07-21,3086.679931640625,3117.360107421875,3077.199951171875,3110.77001953125,3110.77001953125,55960700,^TA125.TA,yfinance
2025-07-22,3112.81005859375,3131.429931640625,3105.8701171875,3111.389892578125,3111.389892578125,55128700,^TA125.TA,yfinance
2025-07-23,3136.989990234375,3156.35009765625,3127.5,3151.3701171875,3151.3701171875,68894400,^TA125.TA,yfinance
2025-07-24,3125.389892578125,3147.14990234375,3111.530029296875,3113.949951171875,3113.949951171875,104328900,^TA125.TA,yfinance
2025-07-28,3092.780029296875,3113.080078125,3083.330078125,3108.429931640625,3108.429931640625,48501600,^TA125.TA,yfinance
2025-07-29,3096.239990234375,3115.429931640625,3093.080078125,3105.320068359375,3105.320068359375,44513300,^TA125.TA,yfinance
2025-07-30,3100.8798828125,3105.43994140625,3075.52001953125,3086.72998046875,3086.72998046875,49820200,^TA125.TA,yfinance
2025-07-31,3093.360107421875,3102.9599609375,3078.360107421875,3083.110107421875,3083.110107421875,56559600,^TA125.TA,yfinance
2025-08-04,3051.239990234375,3056.89990234375,3026.8798828125,3047.179931640625,3047.179931640625,64599500,^TA125.TA,yfinance
2025-08-05,3050.8701171875,3058.340087890625,2986.669921875,3002.409912109375,3002.409912109375,79708200,^TA125.TA,yfinance
2025-08-06,2986.159912109375,3007.47998046875,2970.72998046875,2977.18994140625,2977.18994140625,72724300,^TA125.TA,yfinance
2025-08-07,2981.719970703125,2990.449951171875,2971.889892578125,2982.929931640625,2982.929931640625,271572100,^TA125.TA,yfinance
2025-08-11,3024.27001953125,3024.27001953125,2981.050048828125,2993.7099609375,2993.7099609375,65916400,^TA125.TA,yfinance
2025-08-12,2988.68994140625,2992.60009765625,2934.35009765625,2941.06005859375,2941.06005859375,79149100,^TA125.TA,yfinance
2025-08-13,2973.72998046875,3014.1298828125,2967.3701171875,3006.530029296875,3006.530029296875,63253800,^TA125.TA,yfinance
2025-08-14,3007.47998046875,3048.2099609375,3001.659912109375,3032.2900390625,3032.2900390625,66371700,^TA125.TA,yfinance
2025-08-18,3056.699951171875,3068.25,3047.5,3050.070068359375,3050.070068359375,65816600,^TA125.TA,yfinance
2025-08-19,3062.8798828125,3082.9599609375,3057.56005859375,3069.93994140625,3069.93994140625,64057600,^TA125.TA,yfinance
2025-08-20,3048.080078125,3064.070068359375,3038.77001953125,3043.199951171875,3043.199951171875,49448000,^TA125.TA,yfinance
2025-08-21,3047.5400390625,3067.830078125,3046.1298828125,3064.1298828125,3064.1298828125,51682100,^TA125.TA,yfinance
2025-08-25,3119.010009765625,3124.340087890625,3102.81005859375,3115.330078125,3115.330078125,51968300,^TA125.TA,yfinance
2025-08-26,3112.35009765625,3128.570068359375,3101.300048828125,3128.570068359375,3128.570068359375,96500400,^TA125.TA,yfinance
2025-08-27,3135.280029296875,3152.429931640625,3124.52001953125,3133.590087890625,3133.590087890625,43880600,^TA125.TA,yfinance
2025-08-28,3138.159912109375,3146.030029296875,3117.1201171875,3129.6201171875,3129.6201171875,79975400,^TA125.TA,yfinance
2025-09-01,3113.199951171875,3115.489990234375,3088.25,3098.330078125,3098.330078125,33986000,^TA125.TA,yfinance
2025-09-02,3100.06005859375,3100.72998046875,3049.43994140625,3050.760009765625,3050.760009765625,54394800,^TA125.TA,yfinance
2025-09-03,3057.7900390625,3084.580078125,3057.7900390625,3076.3701171875,3076.3701171875,45424200,^TA125.TA,yfinance
2025-09-04,3083.340087890625,3109.75,3083.340087890625,3109.75,3109.75,43813400,^TA125.TA,yfinance
2025-09-08,3169.5400390625,3169.5400390625,3138.75,3150.64990234375,3150.64990234375,40428700,^TA125.TA,yfinance
2025-09-09,3153.800048828125,3204.14990234375,3146.340087890625,3204.14990234375,3204.14990234375,57464400,^TA125.TA,yfinance
2025-09-10,3197.68994140625,3208.530029296875,3181.14990234375,3196.760009765625,3196.760009765625,43132000,^TA125.TA,yfinance
2025-09-11,3203.47998046875,3203.85009765625,3153.389892578125,3162.56005859375,3162.56005859375,48081400,^TA125.TA,yfinance
2025-09-15,3139.989990234375,3165.97998046875,3083.85009765625,3108.669921875,3108.669921875,52170600,^TA125.TA,yfinance
2025-09-16,3098.699951171875,3117.8701171875,3040.610107421875,3114.3798828125,3114.3798828125,59880600,^TA125.TA,yfinance
2025-09-17,3115.0400390625,3124.14990234375,3037.14990234375,3044.4599609375,3044.4599609375,72911400,^TA125.TA,yfinance
2025-09-18,3044.0400390625,3081.39990234375,3039.860107421875,3074.179931640625,3074.179931640625,90161100,^TA125.TA,yfinance
2025-09-25,3079.010009765625,3095.8701171875,3056.219970703125,3069.27001953125,3069.27001953125,90346600,^TA125.TA,yfinance
2025-09-29,3188.56005859375,3200.590087890625,3138.9599609375,3149.219970703125,3149.219970703125,74381500,^TA125.TA,yfinance
2025-09-30,3181.7900390625,3250.39990234375,3178.93994140625,3248.639892578125,3248.639892578125,91215400,^TA125.TA,yfinance
2025-10-08,3256.889892578125,3268.5400390625,3225.300048828125,3262.969970703125,3262.969970703125,48476100,^TA125.TA,yfinance
2025-10-09,3298.570068359375,3360.179931640625,3298.570068359375,3351.320068359375,3351.320068359375,88215800,^TA125.TA,yfinance
2025-10-15,3361.81005859375,3364.97998046875,3316.949951171875,3325.280029296875,3325.280029296875,91039500,^TA125.TA,yfinance
2025-10-16,3313.6201171875,3329.10009765625,3291.280029296875,3298.530029296875,3298.530029296875,76678800,^TA125.TA,yfinance
2025-10-20,3275.260009765625,3294.7900390625,3269.02001953125,3281.659912109375,3281.659912109375,49162200,^TA125.TA,yfinance
2025-10-21,3286.340087890625,3286.760009765625,3239.35009765625,3249.610107421875,3249.610107421875,48866600,^TA125.TA,yfinance
2025-10-22,3247.510009765625,3269.739990234375,3235.699951171875,3254.60009765625,3254.60009765625,60386200,^TA125.TA,yfinance
2025-10-23,3238.5,3279.080078125,3236.7900390625,3277.02001953125,3277.02001953125,63610600,^TA125.TA,yfinance
2025-10-27,3321.699951171875,3327.449951171875,3304.260009765625,3310.27001953125,3310.27001953125,63115300,^TA125.TA,yfinance
2025-10-28,3305.139892578125,3308.5400390625,3276.0,3279.25,3279.25,52869700,^TA125.TA,yfinance
2025-10-29,3293.449951171875,3332.090087890625,3292.2900390625,3329.8798828125,3329.8798828125,57663900,^TA125.TA,yfinance
2025-10-30,3321.419921875,3343.760009765625,3318.5400390625,3338.77001953125,3338.77001953125,93857100,^TA125.TA,yfinance
2025-11-03,3363.469970703125,3403.22998046875,3353.139892578125,3388.89990234375,3388.89990234375,0,^TA125.TA,yfinance
2025-11-04,3379.929931640625,3389.10009765625,3359.3701171875,3382.219970703125,3382.219970703125,73284800,^TA125.TA,yfinance
2025-11-05,3369.110107421875,3411.3701171875,3356.070068359375,3410.080078125,3410.080078125,55867700,^TA125.TA,yfinance
2025-11-06,3430.72998046875,3434.39990234375,3383.179931640625,3389.340087890625,3389.340087890625,281526500,^TA125.TA,yfinance
2025-11-10,3412.889892578125,3428.81005859375,3399.050048828125,3423.320068359375,3423.320068359375,63101500,^TA125.TA,yfinance
2025-11-11,3431.0,3443.659912109375,3421.52001953125,3440.179931640625,3440.179931640625,71183500,^TA125.TA,yfinance
2025-11-12,3443.989990234375,3486.739990234375,3440.6298828125,3483.320068359375,3483.320068359375,77433900,^TA125.TA,yfinance
2025-11-13,3486.5400390625,3502.570068359375,3466.919921875,3489.97998046875,3489.97998046875,55270200,^TA125.TA,yfinance
2025-11-17,3516.219970703125,3525.659912109375,3490.610107421875,3497.860107421875,3497.860107421875,55136800,^TA125.TA,yfinance
2025-11-18,3464.7900390625,3475.340087890625,3420.699951171875,3431.449951171875,3431.449951171875,65752800,^TA125.TA,yfinance
2025-11-19,3438.429931640625,3461.419921875,3412.840087890625,3438.320068359375,3438.320068359375,102233200,^TA125.TA,yfinance
2025-11-20,3455.7900390625,3467.64990234375,3389.489990234375,3400.300048828125,3400.300048828125,73680000,^TA125.TA,yfinance
2025-11-24,3371.659912109375,3410.97998046875,3364.4599609375,3410.97998046875,3410.97998046875,144568200,^TA125.TA,yfinance
2025-11-25,3417.590087890625,3421.0400390625,3380.6298828125,3389.360107421875,3389.360107421875,73012200,^TA125.TA,yfinance
2025-11-26,3407.3701171875,3426.489990234375,3390.679931640625,3419.449951171875,3419.449951171875,60672300,^TA125.TA,yfinance
2025-11-27,3421.10009765625,3438.590087890625,3395.510009765625,3438.590087890625,3438.590087890625,68347400,^TA125.TA,yfinance
2025-12-01,3464.3701171875,3477.2900390625,3449.449951171875,3477.2900390625,3477.2900390625,66254300,^TA125.TA,yfinance
2025-12-02,3484.590087890625,3538.159912109375,3474.2900390625,3538.159912109375,3538.159912109375,69054400,^TA125.TA,yfinance
2025-12-03,3535.8701171875,3550.679931640625,3503.5400390625,3511.199951171875,3511.199951171875,74264300,^TA125.TA,yfinance
2025-12-04,3539.10009765625,3540.81005859375,3509.050048828125,3535.699951171875,3535.699951171875,76203200,^TA125.TA,yfinance
2025-12-08,3565.360107421875,3585.81005859375,3562.1201171875,3572.8798828125,3572.8798828125,56992500,^TA125.TA,yfinance
2025-12-09,3574.31005859375,3591.820068359375,3568.010009765625,3587.639892578125,3587.639892578125,62265500,^TA125.TA,yfinance
2025-12-10,3589.469970703125,3610.14990234375,3574.7900390625,3610.14990234375,3610.14990234375,75628600,^TA125.TA,yfinance
2025-12-11,3603.2900390625,3663.0400390625,3600.739990234375,3648.10009765625,3648.10009765625,73528700,^TA125.TA,yfinance
2025-12-15,3640.56005859375,3656.169921875,3605.679931640625,3606.9599609375,3606.9599609375,58829800,^TA125.TA,yfinance
2025-12-16,3594.590087890625,3635.02001953125,3594.590087890625,3627.949951171875,3627.949951171875,67084300,^TA125.TA,yfinance
2025-12-17,3634.989990234375,3662.389892578125,3632.840087890625,3656.219970703125,3656.219970703125,98921400,^TA125.TA,yfinance
2025-12-18,3657.77001953125,3696.530029296875,3645.330078125,3684.14990234375,3684.14990234375,91614500,^TA125.TA,yfinance
2025-12-22,3708.030029296875,3734.7099609375,3704.27001953125,3723.239990234375,3723.239990234375,59748800,^TA125.TA,yfinance
2025-12-23,3720.639892578125,3750.280029296875,3709.22998046875,3727.8701171875,3727.8701171875,76989800,^TA125.TA,yfinance
2025-12-24,3734.89990234375,3756.6201171875,3713.75,3740.909912109375,3740.909912109375,65661500,^TA125.TA,yfinance
2025-12-25,3725.2900390625,3730.6298828125,3626.8798828125,3626.8798828125,3626.8798828125,87904300,^TA125.TA,yfinance
2025-12-29,3642.989990234375,3662.330078125,3621.159912109375,3649.52001953125,3649.52001953125,69008400,^TA125.TA,yfinance
2025-12-30,3654.590087890625,3697.409912109375,3654.590087890625,3687.510009765625,3687.510009765625,52203400,^TA125.TA,yfinance
2025-12-31,3680.889892578125,3685.530029296875,3641.4599609375,3654.93994140625,3654.93994140625,71847600,^TA125.TA,yfinance
2026-01-01,3636.199951171875,3733.080078125,3636.199951171875,3733.080078125,3733.080078125,42524900,^TA125.TA,yfinance
2026-01-05,3789.2900390625,3838.550048828125,3782.300048828125,3794.159912109375,3794.159912109375,86738200,^TA125.TA,yfinance
2026-01-06,3811.719970703125,3890.800048828125,3791.2099609375,3890.800048828125,3890.800048828125,101575500,^TA125.TA,yfinance
2026-01-07,3894.47998046875,3911.590087890625,3874.169921875,3893.8701171875,3893.8701171875,83864200,^TA125.TA,yfinance
2026-01-08,3885.840087890625,3915.919921875,3865.93994140625,3878.85009765625,3878.85009765625,62505400,^TA125.TA,yfinance
2026-01-09,3881.909912109375,3909.469970703125,3880.739990234375,3907.260009765625,3907.260009765625,27752700,^TA125.TA,yfinance
2026-01-12,3897.31005859375,3930.820068359375,3891.909912109375,3926.3798828125,3926.3798828125,75576900,^TA125.TA,yfinance
2026-01-13,3931.68994140625,3940.719970703125,3883.169921875,3913.389892578125,3913.389892578125,57137300,^TA125.TA,yfinance
2026-01-14,3921.570068359375,3963.989990234375,3919.239990234375,3963.989990234375,3963.989990234375,71412500,^TA125.TA,yfinance
2026-01-15,3977.760009765625,3990.75,3928.760009765625,3988.85009765625,3988.85009765625,64202000,^TA125.TA,yfinance
2026-01-16,3991.909912109375,4014.31005859375,3980.820068359375,4001.989990234375,4001.989990234375,48940600,^TA125.TA,yfinance
2026-01-19,3972.5400390625,3999.320068359375,3967.669921875,3987.85009765625,3987.85009765625,57453200,^TA125.TA,yfinance
2026-01-20,3984.5400390625,3991.199951171875,3906.8798828125,3960.3798828125,3960.3798828125,60315400,^TA125.TA,yfinance
2026-01-21,3968.139892578125,3984.3701171875,3905.739990234375,3941.300048828125,3941.300048828125,56502100,^TA125.TA,yfinance
2026-01-22,3966.89990234375,3990.72998046875,3958.77001953125,3988.330078125,3988.330078125,65124600,^TA125.TA,yfinance
2026-01-23,3987.510009765625,4010.949951171875,3980.6201171875,4009.320068359375,4009.320068359375,96977800,^TA125.TA,yfinance
2026-01-26,4021.090087890625,4034.389892578125,3998.530029296875,4028.469970703125,4028.469970703125,69569900,^TA125.TA,yfinance
2026-01-27,4030.27001953125,4035.300048828125,4012.43994140625,4026.219970703125,4026.219970703125,47722500,^TA125.TA,yfinance
2026-01-28,4048.719970703125,4082.320068359375,3985.760009765625,3991.3701171875,3991.3701171875,76442600,^TA125.TA,yfinance
2026-01-29,4014.570068359375,4036.97998046875,3977.780029296875,3982.89990234375,3982.89990234375,49853400,^TA125.TA,yfinance
2026-01-30,3979.93994140625,3997.77001953125,3951.590087890625,3995.639892578125,3995.639892578125,40288900,^TA125.TA,yfinance
2026-02-02,3965.8798828125,4040.1298828125,3932.22998046875,4040.1298828125,4040.1298828125,64309700,^TA125.TA,yfinance
2026-02-03,4057.449951171875,4119.8701171875,4057.449951171875,4106.97021484375,4106.97021484375,68446600,^TA125.TA,yfinance
2026-02-04,4128.85009765625,4131.3701171875,4079.300048828125,4100.9599609375,4100.9599609375,68782900,^TA125.TA,yfinance
2026-02-05,4074.139892578125,4094.409912109375,4027.219970703125,4027.219970703125,4027.219970703125,283216900,^TA125.TA,yfinance
2026-02-06,4031.7900390625,4040.14990234375,3986.2900390625,4028.860107421875,4028.860107421875,41029900,^TA125.TA,yfinance
2026-02-09,4079.719970703125,4092.75,4053.260009765625,4092.75,4092.75,53172700,^TA125.TA,yfinance
2026-02-10,4097.47998046875,4170.77978515625,4091.760009765625,4161.8701171875,4161.8701171875,66359600,^TA125.TA,yfinance
2026-02-11,4151.8701171875,4178.14990234375,4134.02001953125,4136.009765625,4136.009765625,56472600,^TA125.TA,yfinance
2026-02-12,4150.10009765625,4191.33984375,4145.72998046875,4167.22998046875,4167.22998046875,90495000,^TA125.TA,yfinance
2026-02-13,4154.5400390625,4159.56982421875,4121.66015625,4145.10009765625,4145.10009765625,43060500,^TA125.TA,yfinance
2026-02-16,4174.35009765625,4183.6298828125,4153.08984375,4164.52978515625,4164.52978515625,59139100,^TA125.TA,yfinance
2026-02-17,4155.18017578125,4172.9501953125,4134.009765625,4168.1201171875,4168.1201171875,55936200,^TA125.TA,yfinance
2026-02-18,4177.91015625,4214.6298828125,4177.91015625,4202.509765625,4202.509765625,67435700,^TA125.TA,yfinance
2026-02-19,4197.56982421875,4204.14990234375,4162.02978515625,4173.0,4173.0,71477300,^TA125.TA,yfinance
2026-02-20,4193.91015625,4207.58984375,4162.89013671875,4202.669921875,4202.669921875,68407900,^TA125.TA,yfinance
2026-02-23,4200.1201171875,4208.60009765625,4170.5,4204.6298828125,4204.6298828125,55226800,^TA125.TA,yfinance
2026-02-24,4209.85986328125,4212.27978515625,4101.14013671875,4116.35009765625,4116.35009765625,67692300,^TA125.TA,yfinance
2026-02-25,4146.4599609375,4157.2001953125,4047.030029296875,4103.06982421875,4103.06982421875,80312300,^TA125.TA,yfinance
2026-02-26,4094.110107421875,4098.93017578125,4037.610107421875,4054.239990234375,4054.239990234375,88723900,^TA125.TA,yfinance
2026-02-27,4052.239990234375,4096.22021484375,4005.639892578125,4074.840087890625,4074.840087890625,101450200,^TA125.TA,yfinance
2026-03-02,4167.52978515625,4278.72021484375,4167.52978515625,4262.81005859375,4262.81005859375,117780300,^TA125.TA,yfinance
2026-03-04,4252.2900390625,4319.7001953125,4236.58984375,4267.759765625,4267.759765625,97894100,^TA125.TA,yfinance
2026-03-05,4258.5400390625,4331.85009765625,4258.5400390625,4331.85009765625,4331.85009765625,89849600,^TA125.TA,yfinance
2026-03-06,4343.740234375,4343.740234375,4299.93017578125,4329.5400390625,4329.5400390625,51141000,^TA125.TA,yfinance
2026-03-09,4259.4501953125,4259.4501953125,4176.7998046875,4204.759765625,4204.759765625,124666900,^TA125.TA,yfinance
2026-03-10,4226.43994140625,4256.5400390625,4148.740234375,4155.56982421875,4155.56982421875,85825200,^TA125.TA,yfinance
2026-03-11,4121.81982421875,4166.02978515625,4047.889892578125,4164.1298828125,4164.1298828125,88620100,^TA125.TA,yfinance
2026-03-12,4146.1201171875,4152.14990234375,4091.719970703125,4095.419921875,4095.419921875,79274700,^TA125.TA,yfinance
2026-03-13,4065.72998046875,4122.47021484375,4041.610107421875,4118.08984375,4118.08984375,39355000,^TA125.TA,yfinance
2026-03-16,4128.27978515625,4131.89990234375,4082.429931640625,4115.259765625,4115.259765625,79675100,^TA125.TA,yfinance
2026-03-17,4101.6298828125,4179.35009765625,4075.9599609375,4179.35009765625,4179.35009765625,68162200,^TA125.TA,yfinance
2026-03-18,4193.830078125,4232.8701171875,4191.56982421875,4229.2099609375,4229.2099609375,76939400,^TA125.TA,yfinance
2026-03-19,4217.68017578125,4233.14013671875,4185.080078125,4231.240234375,4231.240234375,87852000,^TA125.TA,yfinance
2026-03-20,4262.18017578125,4277.14013671875,4243.02978515625,4243.02978515625,4243.02978515625,99655800,^TA125.TA,yfinance
2026-03-23,4170.43017578125,4266.0,4132.1201171875,4222.22021484375,4222.22021484375,93983300,^TA125.TA,yfinance
2026-03-24,4176.06982421875,4212.27978515625,4130.16015625,4170.43017578125,4170.43017578125,65993000,^TA125.TA,yfinance
2026-03-25,4191.509765625,4217.89990234375,4181.93017578125,4205.6201171875,4205.6201171875,97915100,^TA125.TA,yfinance
2026-03-26,4198.5,4201.56982421875,4139.93994140625,4168.64013671875,4168.64013671875,72584000,^TA125.TA,yfinance
2026-03-27,4079.159912109375,4108.6298828125,4021.340087890625,4021.340087890625,4021.340087890625,87208000,^TA125.TA,yfinance
2026-03-30,4009.81005859375,4014.31005859375,3930.39990234375,3941.780029296875,3941.780029296875,123859600,^TA125.TA,yfinance
2026-03-31,3911.35009765625,4016.7900390625,3911.35009765625,4016.7900390625,4016.7900390625,98906000,^TA125.TA,yfinance
2026-04-03,4115.6201171875,4134.759765625,4066.97998046875,4107.919921875,4107.919921875,37043400,^TA125.TA,yfinance
2026-04-06,4112.3701171875,4156.64990234375,4109.60986328125,4156.64990234375,4156.64990234375,54793100,^TA125.TA,yfinance
2026-04-09,4225.009765625,4255.830078125,4208.47021484375,4255.830078125,4255.830078125,98013500,^TA125.TA,yfinance
2026-04-10,4268.68017578125,4335.72021484375,4260.85986328125,4335.72021484375,4335.72021484375,74474400,^TA125.TA,yfinance
2026-04-13,4300.2001953125,4300.2001953125,4252.47998046875,4273.0400390625,4273.0400390625,68582900,^TA125.TA,yfinance
2026-04-14,4295.08984375,4335.83984375,4295.08984375,4335.080078125,4335.080078125,83847800,^TA125.TA,yfinance
2026-04-15,4337.2099609375,4353.25,4297.83984375,4310.83984375,4310.83984375,70825900,^TA125.TA,yfinance
2026-04-16,4333.330078125,4341.2001953125,4261.9501953125,4263.8701171875,4263.8701171875,71029100,^TA125.TA,yfinance
2026-04-17,4265.7099609375,4326.7099609375,4265.7099609375,4309.02978515625,4309.02978515625,47212500,^TA125.TA,yfinance
2026-04-20,4286.2998046875,4328.89013671875,4271.18017578125,4327.8701171875,4327.8701171875,69892600,^TA125.TA,yfinance
2026-04-23,4288.0498046875,4336.31982421875,4288.0498046875,4328.0498046875,4328.0498046875,62701800,^TA125.TA,yfinance
2026-04-24,4287.18994140625,4316.39990234375,4272.06982421875,4274.5498046875,4274.5498046875,66082700,^TA125.TA,yfinance
2026-04-27,4270.52978515625,4302.31982421875,4258.81005859375,4271.1201171875,4271.1201171875,56486500,^TA125.TA,yfinance
2026-04-28,4276.56005859375,4287.91015625,4251.509765625,4257.81982421875,4257.81982421875,61731300,^TA125.TA,yfinance
2026-04-29,4275.18994140625,4318.52001953125,4264.7900390625,4312.39990234375,4312.39990234375,56442800,^TA125.TA,yfinance
2026-04-30,4298.16015625,4334.330078125,4287.6201171875,4313.8798828125,4313.8798828125,67956800,^TA125.TA,yfinance
2026-05-01,4336.330078125,4375.0,4336.330078125,4371.31982421875,4371.31982421875,33305800,^TA125.TA,yfinance
2026-05-04,4387.85009765625,4440.509765625,4387.85009765625,4440.509765625,4440.509765625,86139500,^TA125.TA,yfinance
2026-05-05,4456.56982421875,4494.7998046875,4440.8798828125,4481.0400390625,4481.0400390625,66107100,^TA125.TA,yfinance
2026-05-06,4510.2900390625,4588.509765625,4463.669921875,4473.080078125,4473.080078125,156322000,^TA125.TA,yfinance
2026-05-07,4494.5498046875,4523.0400390625,4443.43017578125,4443.43017578125,4443.43017578125,372744400,^TA125.TA,yfinance
2026-05-08,4446.52001953125,4495.759765625,4412.72021484375,4476.58984375,4476.58984375,57792700,^TA125.TA,yfinance
2026-05-11,4476.93994140625,4490.18017578125,4419.81982421875,4463.330078125,4463.330078125,95077600,^TA125.TA,yfinance
2026-05-12,4444.22998046875,4470.93994140625,4429.89990234375,4447.2900390625,4447.2900390625,63733200,^TA125.TA,yfinance
2026-05-13,4456.509765625,4478.56982421875,4375.31005859375,4385.77978515625,4385.77978515625,94056600,^TA125.TA,yfinance
2026-05-14,4407.740234375,4423.66015625,4357.0400390625,4404.52001953125,4404.52001953125,88217300,^TA125.TA,yfinance
2026-05-15,4368.72021484375,4373.60009765625,4297.60009765625,4318.68017578125,4318.68017578125,70609100,^TA125.TA,yfinance
2026-05-18,4282.35009765625,4293.0,4232.1298828125,4254.330078125,4254.330078125,84377200,^TA125.TA,yfinance
2026-05-19,4210.7099609375,4282.27001953125,4210.7099609375,4252.39013671875,4252.39013671875,65694000,^TA125.TA,yfinance
2026-05-20,4281.259765625,4325.85986328125,4256.6298828125,4325.85986328125,4325.85986328125,89897900,^TA125.TA,yfinance
2026-05-25,4403.1201171875,4465.02001953125,4402.990234375,4462.60986328125,4462.60986328125,97959400,^TA125.TA,yfinance
2026-05-26,4464.1201171875,4468.77001953125,4412.22021484375,4419.7099609375,4419.7099609375,80645900,^TA125.TA,yfinance
2026-05-27,4419.31982421875,4455.580078125,4405.97021484375,4438.240234375,4438.240234375,0,^TA125.TA,yfinance
